review_id,user_id,product_id,product,text,rating,date
R0001,U008,P011,Планшет TabLine 10,"Цена завышена, ожидала большего, функциональность неудобная. Особенно заметно: царапина, шум.",2,2026-01-04
R0002,U007,P012,Роутер HomeNet AX,"Плохой опыт, после недели использования появилась неисправность. Особенно заметно: шум, возврат.",2,2026-03-28
R0003,U003,P007,Электрочайник GlassHeat,"Хорошая сборка, приятный дизайн, цена полностью оправдана. Особенно заметно: быстро, выгодно.",5,2026-01-04
R0004,U042,P004,Умные часы FitTime Pro,"Нормально за свою цену, есть плюсы и минусы. Особенно заметно: стильно, но возврат.",3,2026-03-31
R0005,U011,P001,Смартфон Aurora X1,"Товар понравился, всё подключилось без проблем, инструкция понятная. Особенно заметно: надежно, удобно.",4,2026-03-31
R0006,U007,P006,Кофемашина AromaBarista,"За свои деньги просто супер, функциональность отличная, нареканий нет. Особенно заметно: качественно, выгодно.",4,2026-01-12
R0007,U003,P005,Пылесос CleanBot Mini,"Обычный товар, в целом работает, но без сильных преимуществ. Особенно заметно: аккуратно, но шум. Меня зовут Иван, телефон +7 999 400-90-89.",3,2026-04-04
R0008,U037,P006,Кофемашина AromaBarista,"Обычный товар, в целом работает, но без сильных преимуществ. Особенно заметно: приятно, но возврат.",3,2026-01-25
R0009,U015,P002,Ноутбук VectorBook 14,"Товар понравился, всё подключилось без проблем, инструкция понятная. Особенно заметно: стильно, качественно.",5,2026-04-21
R0010,U011,P006,Кофемашина AromaBarista,"Товар понравился, всё подключилось без проблем, инструкция понятная. Особенно заметно: удобно, выгодно.",4,2026-02-17
R0011,U011,P011,Планшет TabLine 10,"Нормально за свою цену, есть плюсы и минусы. Особенно заметно: стильно, но медленно.",3,2026-03-10
R0012,U041,P005,Пылесос CleanBot Mini,"Покупка средняя, ожидания частично оправдались. Особенно заметно: быстро, но царапина.",3,2026-03-30
R0013,U021,P001,Смартфон Aurora X1,"Хорошая сборка, приятный дизайн, цена полностью оправдана. Особенно заметно: качественно, удобно.",5,2026-02-21
R0014,U032,P011,Планшет TabLine 10,"Покупкой недовольна, заряд держит мало, подключение часто пропадает. Особенно заметно: задержка, неудобно.",2,2026-02-20
R0015,U016,P003,Беспроводные наушники SonicPods,"Товар понравился, всё подключилось без проблем, инструкция понятная. Особенно заметно: аккуратно, выгодно.",4,2026-04-06
R0016,U024,P007,Электрочайник GlassHeat,"Не рекомендую, устройство шумит, иногда зависает и плохо работает. Особенно заметно: неудобно, брак.",1,2026-01-29
R0017,U008,P001,Смартфон Aurora X1,"Покупка удачная, устройство тихое, красивое и надежное. Особенно заметно: удобно, приятно.",4,2026-01-20
R0018,U039,P007,Электрочайник GlassHeat,"Обычный товар, в целом работает, но без сильных преимуществ. Особенно заметно: удобно, но возврат.",3,2026-03-01
R0019,U022,P011,Планшет TabLine 10,"Очень удобная вещь, пользуюсь каждый день, рекомендую к покупке. Особенно заметно: стильно, быстро.",4,2026-01-15
R0020,U017,P012,Роутер HomeNet AX,"Плохой опыт, после недели использования появилась неисправность. Особенно заметно: шум, медленно.",2,2026-03-06
R0021,U020,P011,Планшет TabLine 10,"Нормально за свою цену, есть плюсы и минусы. Особенно заметно: надежно, но поломка.",3,2026-04-18
R0022,U035,P003,Беспроводные наушники SonicPods,"Товар разочаровал, качество слабое, появились проблемы уже в первый день. Особенно заметно: поломка, царапина.",2,2026-04-10
R0023,U008,P001,Смартфон Aurora X1,"Пришёл брак, пришлось писать в поддержку и оформлять возврат. Особенно заметно: царапина, брак.",2,2026-02-16
R0024,U037,P004,Умные часы FitTime Pro,"Сервис магазина порадовал, товар новый, без дефектов и царапин. Особенно заметно: удобно, аккуратно.",5,2026-01-11
R0025,U009,P009,Клавиатура KeyMaster RGB,"Нормально за свою цену, есть плюсы и минусы. Особенно заметно: выгодно, но медленно.",3,2026-01-17
R0026,U035,P004,Умные часы FitTime Pro,"Нормально за свою цену, есть плюсы и минусы. Особенно заметно: выгодно, но медленно.",3,2026-04-07
R0027,U042,P011,Планшет TabLine 10,"Работает лучше предыдущей модели, батарея держит долго, впечатления положительные. Особенно заметно: стильно, быстро.",4,2026-02-17
R0028,U015,P004,Умные часы FitTime Pro,"Очень довольна заказом, товар соответствует описанию и фото. Особенно заметно: приятно, выгодно.",4,2026-01-09
R0029,U001,P004,Умные часы FitTime Pro,"Обычный товар, в целом работает, но без сильных преимуществ. Особенно заметно: приятно, но шум.",3,2026-01-10
R0030,U022,P001,Смартфон Aurora X1,"Товар понравился, всё подключилось без проблем, инструкция понятная. Особенно заметно: стильно, удобно.",4,2026-01-10
R0031,U009,P009,Клавиатура KeyMaster RGB,"Не подошло, работает нестабильно, интерфейс неудобный и медленный. Особенно заметно: неудобно, шум.",1,2026-04-03
R0032,U027,P008,Игровая мышь CyberClick,"Покупка удачная, устройство тихое, красивое и надежное. Особенно заметно: качественно, приятно.",5,2026-01-25
R0033,U030,P007,Электрочайник GlassHeat,"Доставка задержалась, коробка была мятая, впечатление испорчено. Особенно заметно: брак, царапина.",2,2026-04-21
R0034,U022,P012,Роутер HomeNet AX,"Цена завышена, ожидала большего, функциональность неудобная. Особенно заметно: царапина, шум.",2,2026-04-13
R0035,U029,P009,Клавиатура KeyMaster RGB,"Товар понравился, всё подключилось без проблем, инструкция понятная. Особенно заметно: стильно, удобно.",4,2026-01-18
R0036,U029,P002,Ноутбук VectorBook 14,"Плохой опыт, после недели использования появилась неисправность. Особенно заметно: шум, брак.",2,2026-04-14
R0037,U035,P011,Планшет TabLine 10,"Качество выше ожиданий, упаковка аккуратная, доставка пришла вовремя. Особенно заметно: приятно, удобно.",5,2026-04-18
R0038,U032,P007,Электрочайник GlassHeat,"Покупка удачная, устройство тихое, красивое и надежное. Особенно заметно: быстро, удобно.",4,2026-03-03
R0039,U001,P007,Электрочайник GlassHeat,"Сервис магазина порадовал, товар новый, без дефектов и царапин. Особенно заметно: выгодно, приятно.",4,2026-02-19
R0040,U036,P012,Роутер HomeNet AX,"Нормально за свою цену, есть плюсы и минусы. Особенно заметно: приятно, но возврат.",3,2026-03-26
R0041,U004,P004,Умные часы FitTime Pro,"Обычный товар, в целом работает, но без сильных преимуществ. Особенно заметно: качественно, но брак. Меня зовут Анна, телефон +7 999 698-71-74.",3,2026-03-16
R0042,U011,P009,Клавиатура KeyMaster RGB,"Доставка задержалась, коробка была мятая, впечатление испорчено. Особенно заметно: задержка, брак.",1,2026-01-08
R0043,U005,P010,Монитор VisionView 27,"Описание на сайте красивое, но в реальности товар заметно хуже. Особенно заметно: шум, возврат.",2,2026-03-28
R0044,U038,P004,Умные часы FitTime Pro,"Качество выше ожиданий, упаковка аккуратная, доставка пришла вовремя. Особенно заметно: аккуратно, качественно.",5,2026-03-18
R0045,U037,P010,Монитор VisionView 27,"Товар понравился, всё подключилось без проблем, инструкция понятная. Особенно заметно: приятно, качественно.",5,2026-03-08
R0046,U021,P012,Роутер HomeNet AX,"Очень удобная вещь, пользуюсь каждый день, рекомендую к покупке. Особенно заметно: выгодно, приятно.",5,2026-01-31
R0047,U005,P006,Кофемашина AromaBarista,"Очень довольна заказом, товар соответствует описанию и фото. Особенно заметно: удобно, быстро.",4,2026-01-02
R0048,U014,P009,Клавиатура KeyMaster RGB,"За свои деньги просто супер, функциональность отличная, нареканий нет. Особенно заметно: удобно, стильно.",5,2026-03-06
R0049,U019,P006,Кофемашина AromaBarista,"Работает лучше предыдущей модели, батарея держит долго, впечатления положительные. Особенно заметно: выгодно, стильно.",4,2026-01-21
R0050,U034,P011,Планшет TabLine 10,"Покупка средняя, ожидания частично оправдались. Особенно заметно: удобно, но задержка.",3,2026-01-02
R0051,U008,P005,Пылесос CleanBot Mini,"Работает лучше предыдущей модели, батарея держит долго, впечатления положительные. Особенно заметно: надежно, стильно.",5,2026-04-24
R0052,U039,P005,Пылесос CleanBot Mini,"Цена завышена, ожидала большего, функциональность неудобная. Особенно заметно: возврат, неудобно.",2,2026-01-27
R0053,U017,P008,Игровая мышь CyberClick,"Товар разочаровал, качество слабое, появились проблемы уже в первый день. Особенно заметно: шум, поломка.",1,2026-04-26
R0054,U018,P007,Электрочайник GlassHeat,"Очень удобная вещь, пользуюсь каждый день, рекомендую к покупке. Особенно заметно: выгодно, удобно.",5,2026-01-06
R0055,U029,P012,Роутер HomeNet AX,"Обычный товар, в целом работает, но без сильных преимуществ. Особенно заметно: удобно, но шум.",3,2026-03-12
R0056,U010,P012,Роутер HomeNet AX,"За свои деньги просто супер, функциональность отличная, нареканий нет. Особенно заметно: надежно, приятно.",5,2026-03-11
R0057,U003,P003,Беспроводные наушники SonicPods,"Отличный товар, работает быстро и стабильно, покупкой довольна. Особенно заметно: качественно, удобно.",5,2026-02-09
R0058,U016,P011,Планшет TabLine 10,"Работает лучше предыдущей модели, батарея держит долго, впечатления положительные. Особенно заметно: аккуратно, выгодно.",5,2026-03-27
R0059,U010,P012,Роутер HomeNet AX,"Не рекомендую, устройство шумит, иногда зависает и плохо работает. Особенно заметно: медленно, брак.",2,2026-01-31
R0060,U022,P003,Беспроводные наушники SonicPods,"Цена завышена, ожидала большего, функциональность неудобная. Особенно заметно: возврат, шум.",2,2026-04-11
R0061,U007,P012,Роутер HomeNet AX,"Покупкой недовольна, заряд держит мало, подключение часто пропадает. Особенно заметно: царапина, шум.",2,2026-02-18
R0062,U023,P008,Игровая мышь CyberClick,"Цена завышена, ожидала большего, функциональность неудобная. Особенно заметно: царапина, брак. Свяжитесь со мной по номеру 8-916-775-34-61.",2,2026-02-09
R0063,U018,P006,Кофемашина AromaBarista,"Товар понравился, всё подключилось без проблем, инструкция понятная. Особенно заметно: качественно, стильно.",5,2026-04-21
R0064,U026,P009,Клавиатура KeyMaster RGB,"Плохой опыт, после недели использования появилась неисправность. Особенно заметно: поломка, брак.",1,2026-03-28
R0065,U017,P002,Ноутбук VectorBook 14,"Покупка средняя, ожидания частично оправдались. Особенно заметно: быстро, но шум.",3,2026-01-23
R0066,U028,P010,Монитор VisionView 27,"Покупка средняя, ожидания частично оправдались. Особенно заметно: аккуратно, но шум.",3,2026-02-14
R0067,U037,P007,Электрочайник GlassHeat,"Покупка удачная, устройство тихое, красивое и надежное. Особенно заметно: быстро, выгодно.",4,2026-01-25
R0068,U044,P009,Клавиатура KeyMaster RGB,"Цена завышена, ожидала большего, функциональность неудобная. Особенно заметно: поломка, царапина.",1,2026-04-03
R0069,U043,P002,Ноутбук VectorBook 14,"Обычный товар, в целом работает, но без сильных преимуществ. Особенно заметно: выгодно, но возврат.",3,2026-02-12
R0070,U027,P011,Планшет TabLine 10,"Товар понравился, всё подключилось без проблем, инструкция понятная. Особенно заметно: надежно, удобно.",4,2026-02-11
R0071,U043,P007,Электрочайник GlassHeat,"Не рекомендую, устройство шумит, иногда зависает и плохо работает. Особенно заметно: возврат, царапина.",2,2026-02-18
R0072,U001,P009,Клавиатура KeyMaster RGB,"Покупка удачная, устройство тихое, красивое и надежное. Особенно заметно: качественно, приятно.",4,2026-02-08
R0073,U029,P008,Игровая мышь CyberClick,"Сервис магазина порадовал, товар новый, без дефектов и царапин. Особенно заметно: надежно, качественно.",5,2026-03-28
R0074,U019,P002,Ноутбук VectorBook 14,"Покупка средняя, ожидания частично оправдались. Особенно заметно: удобно, но царапина.",3,2026-03-07
R0075,U020,P011,Планшет TabLine 10,"Не рекомендую, устройство шумит, иногда зависает и плохо работает. Особенно заметно: брак, неудобно.",2,2026-01-29
R0076,U031,P004,Умные часы FitTime Pro,"Доставка задержалась, коробка была мятая, впечатление испорчено. Особенно заметно: неудобно, царапина.",2,2026-03-20
R0077,U037,P011,Планшет TabLine 10,"Можно пользоваться, но качество не идеальное. Особенно заметно: стильно, но медленно.",3,2026-01-25
R0078,U010,P004,Умные часы FitTime Pro,"Обычный товар, в целом работает, но без сильных преимуществ. Особенно заметно: аккуратно, но царапина.",3,2026-03-25
R0079,U045,P003,Беспроводные наушники SonicPods,"Работает лучше предыдущей модели, батарея держит долго, впечатления положительные. Особенно заметно: приятно, аккуратно.",4,2026-03-08
R0080,U030,P002,Ноутбук VectorBook 14,"Плохой опыт, после недели использования появилась неисправность. Особенно заметно: поломка, медленно.",2,2026-01-18
R0081,U040,P008,Игровая мышь CyberClick,"Можно пользоваться, но качество не идеальное. Особенно заметно: стильно, но задержка.",3,2026-04-15
R0082,U031,P012,Роутер HomeNet AX,"Хорошая сборка, приятный дизайн, цена полностью оправдана. Особенно заметно: выгодно, аккуратно.",5,2026-02-27
R0083,U032,P009,Клавиатура KeyMaster RGB,"Сервис магазина порадовал, товар новый, без дефектов и царапин. Особенно заметно: удобно, качественно.",5,2026-03-22
R0084,U016,P005,Пылесос CleanBot Mini,"Работает лучше предыдущей модели, батарея держит долго, впечатления положительные. Особенно заметно: удобно, стильно.",4,2026-02-04
R0085,U015,P003,Беспроводные наушники SonicPods,"Хорошая сборка, приятный дизайн, цена полностью оправдана. Особенно заметно: удобно, приятно.",4,2026-02-19
R0086,U022,P007,Электрочайник GlassHeat,"Обычный товар, в целом работает, но без сильных преимуществ. Особенно заметно: приятно, но медленно.",3,2026-03-11
R0087,U038,P007,Электрочайник GlassHeat,"Очень довольна заказом, товар соответствует описанию и фото. Особенно заметно: аккуратно, приятно.",5,2026-03-31
R0088,U023,P001,Смартфон Aurora X1,"Можно пользоваться, но качество не идеальное. Особенно заметно: приятно, но неудобно.",3,2026-02-08
R0089,U018,P004,Умные часы FitTime Pro,"Покупка удачная, устройство тихое, красивое и надежное. Особенно заметно: качественно, стильно. Меня зовут Сергей, телефон +7 999 841-31-69.",4,2026-02-25
R0090,U040,P003,Беспроводные наушники SonicPods,"Покупка удачная, устройство тихое, красивое и надежное. Особенно заметно: быстро, стильно.",5,2026-03-10
R0091,U028,P011,Планшет TabLine 10,"Не рекомендую, устройство шумит, иногда зависает и плохо работает. Особенно заметно: брак, задержка.",2,2026-01-18
R0092,U021,P007,Электрочайник GlassHeat,"Покупка средняя, ожидания частично оправдались. Особенно заметно: аккуратно, но возврат.",3,2026-01-28
R0093,U017,P007,Электрочайник GlassHeat,"Отличный товар, работает быстро и стабильно, покупкой довольна. Особенно заметно: быстро, надежно.",5,2026-04-17
R0094,U042,P004,Умные часы FitTime Pro,"Товар разочаровал, качество слабое, появились проблемы уже в первый день. Особенно заметно: брак, шум.",2,2026-01-09
R0095,U002,P004,Умные часы FitTime Pro,"Очень удобная вещь, пользуюсь каждый день, рекомендую к покупке. Особенно заметно: стильно, качественно.",5,2026-03-21
R0096,U037,P002,Ноутбук VectorBook 14,"Товар понравился, всё подключилось без проблем, инструкция понятная. Особенно заметно: качественно, удобно.",4,2026-01-28
R0097,U039,P010,Монитор VisionView 27,"Очень удобная вещь, пользуюсь каждый день, рекомендую к покупке. Особенно заметно: выгодно, быстро.",4,2026-04-06
R0098,U002,P010,Монитор VisionView 27,"Покупка удачная, устройство тихое, красивое и надежное. Особенно заметно: аккуратно, качественно.",4,2026-02-09
R0099,U005,P004,Умные часы FitTime Pro,"Нормально за свою цену, есть плюсы и минусы. Особенно заметно: удобно, но возврат.",3,2026-03-17
R0100,U039,P011,Планшет TabLine 10,"Очень довольна заказом, товар соответствует описанию и фото. Особенно заметно: быстро, надежно.",5,2026-04-14
R0101,U028,P009,Клавиатура KeyMaster RGB,"Работает лучше предыдущей модели, батарея держит долго, впечатления положительные. Особенно заметно: качественно, быстро.",4,2026-03-26
R0102,U032,P007,Электрочайник GlassHeat,"Покупка средняя, ожидания частично оправдались. Особенно заметно: стильно, но задержка.",3,2026-01-14
R0103,U012,P007,Электрочайник GlassHeat,"Покупка средняя, ожидания частично оправдались. Особенно заметно: стильно, но неудобно.",3,2026-04-04
R0104,U038,P007,Электрочайник GlassHeat,"Хорошая сборка, приятный дизайн, цена полностью оправдана. Особенно заметно: удобно, надежно.",4,2026-02-04
R0105,U016,P008,Игровая мышь CyberClick,"Очень довольна заказом, товар соответствует описанию и фото. Особенно заметно: аккуратно, надежно.",4,2026-04-07
R0106,U032,P001,Смартфон Aurora X1,"Сервис магазина порадовал, товар новый, без дефектов и царапин. Особенно заметно: приятно, надежно.",5,2026-04-19
R0107,U022,P005,Пылесос CleanBot Mini,"Пришёл брак, пришлось писать в поддержку и оформлять возврат. Особенно заметно: брак, возврат.",1,2026-02-05
R0108,U006,P004,Умные часы FitTime Pro,"Можно пользоваться, но качество не идеальное. Особенно заметно: приятно, но неудобно.",3,2026-01-31
R0109,U032,P011,Планшет TabLine 10,"Доставка задержалась, коробка была мятая, впечатление испорчено. Особенно заметно: возврат, шум.",2,2026-02-27
R0110,U045,P007,Электрочайник GlassHeat,"Очень довольна заказом, товар соответствует описанию и фото. Особенно заметно: качественно, приятно.",4,2026-02-01
R0111,U034,P009,Клавиатура KeyMaster RGB,"Работает лучше предыдущей модели, батарея держит долго, впечатления положительные. Особенно заметно: качественно, надежно.",4,2026-02-14
R0112,U030,P012,Роутер HomeNet AX,"Хорошая сборка, приятный дизайн, цена полностью оправдана. Особенно заметно: удобно, качественно.",4,2026-02-04
R0113,U021,P004,Умные часы FitTime Pro,"Не рекомендую, устройство шумит, иногда зависает и плохо работает. Особенно заметно: царапина, шум.",2,2026-01-16
R0114,U031,P012,Роутер HomeNet AX,"Покупка средняя, ожидания частично оправдались. Особенно заметно: удобно, но царапина.",3,2026-02-05
R0115,U015,P005,Пылесос CleanBot Mini,"Отличный товар, работает быстро и стабильно, покупкой довольна. Особенно заметно: надежно, стильно.",5,2026-02-16
R0116,U004,P001,Смартфон Aurora X1,"Очень удобная вещь, пользуюсь каждый день, рекомендую к покупке. Особенно заметно: стильно, быстро.",5,2026-03-12
R0117,U037,P001,Смартфон Aurora X1,"Сервис магазина порадовал, товар новый, без дефектов и царапин. Особенно заметно: качественно, удобно.",4,2026-02-06
R0118,U017,P001,Смартфон Aurora X1,"Качество выше ожиданий, упаковка аккуратная, доставка пришла вовремя. Особенно заметно: аккуратно, приятно.",4,2026-04-21
R0119,U037,P002,Ноутбук VectorBook 14,"Нормально за свою цену, есть плюсы и минусы. Особенно заметно: надежно, но возврат.",3,2026-03-22
R0120,U016,P002,Ноутбук VectorBook 14,"Можно пользоваться, но качество не идеальное. Особенно заметно: приятно, но медленно.",3,2026-01-16
R0121,U029,P008,Игровая мышь CyberClick,"Описание на сайте красивое, но в реальности товар заметно хуже. Особенно заметно: возврат, неудобно.",2,2026-02-08
R0122,U004,P010,Монитор VisionView 27,"Доставка задержалась, коробка была мятая, впечатление испорчено. Особенно заметно: царапина, поломка.",1,2026-03-20
R0123,U017,P004,Умные часы FitTime Pro,"Хорошая сборка, приятный дизайн, цена полностью оправдана. Особенно заметно: надежно, выгодно.",5,2026-03-26
R0124,U011,P002,Ноутбук VectorBook 14,"Очень довольна заказом, товар соответствует описанию и фото. Особенно заметно: стильно, надежно.",4,2026-01-01
R0125,U015,P001,Смартфон Aurora X1,"Сервис магазина порадовал, товар новый, без дефектов и царапин. Особенно заметно: удобно, качественно.",4,2026-02-06
R0126,U017,P004,Умные часы FitTime Pro,"Не подошло, работает нестабильно, интерфейс неудобный и медленный. Особенно заметно: царапина, неудобно.",2,2026-04-11
R0127,U035,P002,Ноутбук VectorBook 14,"Покупка средняя, ожидания частично оправдались. Особенно заметно: надежно, но шум.",3,2026-01-29
R0128,U011,P001,Смартфон Aurora X1,"Очень довольна заказом, товар соответствует описанию и фото. Особенно заметно: выгодно, приятно.",5,2026-04-12
R0129,U030,P002,Ноутбук VectorBook 14,"Покупка удачная, устройство тихое, красивое и надежное. Особенно заметно: выгодно, стильно.",4,2026-03-30
R0130,U032,P009,Клавиатура KeyMaster RGB,"Отличный товар, работает быстро и стабильно, покупкой довольна. Особенно заметно: аккуратно, качественно.",5,2026-02-26
R0131,U039,P006,Кофемашина AromaBarista,"Хорошая сборка, приятный дизайн, цена полностью оправдана. Особенно заметно: быстро, аккуратно.",5,2026-02-02
R0132,U018,P011,Планшет TabLine 10,"Очень удобная вещь, пользуюсь каждый день, рекомендую к покупке. Особенно заметно: стильно, выгодно.",5,2026-03-15
R0133,U029,P011,Планшет TabLine 10,"Очень довольна заказом, товар соответствует описанию и фото. Особенно заметно: аккуратно, качественно.",5,2026-02-05
R0134,U006,P008,Игровая мышь CyberClick,"За свои деньги просто супер, функциональность отличная, нареканий нет. Особенно заметно: качественно, стильно.",4,2026-03-02
R0135,U011,P002,Ноутбук VectorBook 14,"Сервис магазина порадовал, товар новый, без дефектов и царапин. Особенно заметно: выгодно, качественно.",4,2026-02-12
R0136,U036,P007,Электрочайник GlassHeat,"Покупка средняя, ожидания частично оправдались. Особенно заметно: выгодно, но поломка.",3,2026-01-05
R0137,U026,P002,Ноутбук VectorBook 14,"Отличный товар, работает быстро и стабильно, покупкой довольна. Особенно заметно: стильно, приятно.",4,2026-04-21
R0138,U013,P001,Смартфон Aurora X1,"Сервис магазина порадовал, товар новый, без дефектов и царапин. Особенно заметно: стильно, аккуратно.",5,2026-03-08
R0139,U014,P001,Смартфон Aurora X1,"Товар понравился, всё подключилось без проблем, инструкция понятная. Особенно заметно: стильно, качественно.",4,2026-02-04
R0140,U008,P008,Игровая мышь CyberClick,"Не подошло, работает нестабильно, интерфейс неудобный и медленный. Особенно заметно: царапина, поломка.",1,2026-01-04
R0141,U020,P003,Беспроводные наушники SonicPods,"Покупка удачная, устройство тихое, красивое и надежное. Особенно заметно: удобно, стильно.",5,2026-03-12
R0142,U030,P002,Ноутбук VectorBook 14,"Нормально за свою цену, есть плюсы и минусы. Особенно заметно: стильно, но возврат.",3,2026-01-16
R0143,U018,P009,Клавиатура KeyMaster RGB,"Покупкой недовольна, заряд держит мало, подключение часто пропадает. Особенно заметно: царапина, неудобно.",2,2026-02-23
R0144,U010,P009,Клавиатура KeyMaster RGB,"Очень довольна заказом, товар соответствует описанию и фото. Особенно заметно: надежно, аккуратно. Меня зовут Мария, телефон +7 999 382-63-53.",5,2026-02-19
R0145,U018,P009,Клавиатура KeyMaster RGB,"Товар понравился, всё подключилось без проблем, инструкция понятная. Особенно заметно: стильно, аккуратно.",5,2026-04-16
R0146,U029,P003,Беспроводные наушники SonicPods,"За свои деньги просто супер, функциональность отличная, нареканий нет. Особенно заметно: аккуратно, приятно.",4,2026-03-10
R0147,U013,P006,Кофемашина AromaBarista,"Покупка удачная, устройство тихое, красивое и надежное. Особенно заметно: приятно, аккуратно.",5,2026-03-31
R0148,U003,P007,Электрочайник GlassHeat,"Описание на сайте красивое, но в реальности товар заметно хуже. Особенно заметно: медленно, поломка.",2,2026-02-10
R0149,U010,P011,Планшет TabLine 10,"Не рекомендую, устройство шумит, иногда зависает и плохо работает. Особенно заметно: поломка, медленно.",1,2026-03-05
R0150,U029,P002,Ноутбук VectorBook 14,"Сервис магазина порадовал, товар новый, без дефектов и царапин. Особенно заметно: быстро, качественно.",4,2026-01-13
R0151,U027,P003,Беспроводные наушники SonicPods,"Очень удобная вещь, пользуюсь каждый день, рекомендую к покупке. Особенно заметно: удобно, приятно.",4,2026-04-22
R0152,U022,P005,Пылесос CleanBot Mini,"Доставка задержалась, коробка была мятая, впечатление испорчено. Особенно заметно: поломка, медленно.",2,2026-03-21
R0153,U035,P011,Планшет TabLine 10,"Покупкой недовольна, заряд держит мало, подключение часто пропадает. Особенно заметно: брак, возврат.",1,2026-02-18
R0154,U016,P002,Ноутбук VectorBook 14,"Покупка средняя, ожидания частично оправдались. Особенно заметно: приятно, но шум.",3,2026-03-22
R0155,U007,P007,Электрочайник GlassHeat,"Доставка задержалась, коробка была мятая, впечатление испорчено. Особенно заметно: неудобно, шум.",2,2026-04-08
R0156,U020,P012,Роутер HomeNet AX,"За свои деньги просто супер, функциональность отличная, нареканий нет. Особенно заметно: быстро, надежно.",5,2026-04-26
R0157,U024,P006,Кофемашина AromaBarista,"Работает лучше предыдущей модели, батарея держит долго, впечатления положительные. Особенно заметно: аккуратно, выгодно.",5,2026-02-25
R0158,U012,P011,Планшет TabLine 10,"Очень довольна заказом, товар соответствует описанию и фото. Особенно заметно: аккуратно, выгодно.",5,2026-01-22
R0159,U016,P011,Планшет TabLine 10,"Не рекомендую, устройство шумит, иногда зависает и плохо работает. Особенно заметно: царапина, неудобно.",1,2026-03-05
R0160,U017,P011,Планшет TabLine 10,"Отличный товар, работает быстро и стабильно, покупкой довольна. Особенно заметно: стильно, надежно.",5,2026-02-28
R0161,U035,P011,Планшет TabLine 10,"За свои деньги просто супер, функциональность отличная, нареканий нет. Особенно заметно: выгодно, качественно.",5,2026-01-21
R0162,U045,P007,Электрочайник GlassHeat,"Покупка средняя, ожидания частично оправдались. Особенно заметно: приятно, но медленно.",3,2026-02-02
R0163,U007,P008,Игровая мышь CyberClick,"За свои деньги просто супер, функциональность отличная, нареканий нет. Особенно заметно: выгодно, качественно.",4,2026-01-31
R0164,U002,P005,Пылесос CleanBot Mini,"Пришёл брак, пришлось писать в поддержку и оформлять возврат. Особенно заметно: брак, возврат.",2,2026-04-17
R0165,U004,P011,Планшет TabLine 10,"Пришёл брак, пришлось писать в поддержку и оформлять возврат. Особенно заметно: царапина, возврат.",2,2026-03-19
R0166,U015,P006,Кофемашина AromaBarista,"Товар понравился, всё подключилось без проблем, инструкция понятная. Особенно заметно: надежно, качественно.",5,2026-03-23
R0167,U041,P002,Ноутбук VectorBook 14,"Сервис магазина порадовал, товар новый, без дефектов и царапин. Особенно заметно: быстро, выгодно.",5,2026-03-24
R0168,U009,P006,Кофемашина AromaBarista,"Пластик дешевый, сборка хлипкая, товар не стоит своих денег. Особенно заметно: медленно, шум.",1,2026-01-12
R0169,U009,P004,Умные часы FitTime Pro,"За свои деньги просто супер, функциональность отличная, нареканий нет. Особенно заметно: выгодно, аккуратно.",4,2026-04-11
R0170,U017,P003,Беспроводные наушники SonicPods,"Пришёл брак, пришлось писать в поддержку и оформлять возврат. Особенно заметно: поломка, медленно. Свяжитесь со мной по номеру 8-916-217-69-19.",1,2026-04-16
R0171,U015,P003,Беспроводные наушники SonicPods,"Покупка удачная, устройство тихое, красивое и надежное. Особенно заметно: качественно, быстро.",4,2026-04-21
R0172,U001,P007,Электрочайник GlassHeat,"Можно пользоваться, но качество не идеальное. Особенно заметно: качественно, но возврат.",3,2026-02-03
R0173,U025,P010,Монитор VisionView 27,"За свои деньги просто супер, функциональность отличная, нареканий нет. Особенно заметно: удобно, качественно.",4,2026-04-16
R0174,U031,P004,Умные часы FitTime Pro,"Покупка средняя, ожидания частично оправдались. Особенно заметно: приятно, но шум.",3,2026-01-04
R0175,U030,P011,Планшет TabLine 10,"Покупка удачная, устройство тихое, красивое и надежное. Особенно заметно: удобно, стильно.",4,2026-03-31
R0176,U003,P001,Смартфон Aurora X1,"Доставка задержалась, коробка была мятая, впечатление испорчено. Особенно заметно: шум, неудобно.",1,2026-02-08
R0177,U009,P009,Клавиатура KeyMaster RGB,"Работает лучше предыдущей модели, батарея держит долго, впечатления положительные. Особенно заметно: аккуратно, выгодно.",4,2026-02-19
R0178,U010,P012,Роутер HomeNet AX,"Качество выше ожиданий, упаковка аккуратная, доставка пришла вовремя. Особенно заметно: стильно, выгодно.",4,2026-04-24
R0179,U018,P007,Электрочайник GlassHeat,"Цена завышена, ожидала большего, функциональность неудобная. Особенно заметно: неудобно, царапина.",2,2026-01-05
R0180,U024,P004,Умные часы FitTime Pro,"Пластик дешевый, сборка хлипкая, товар не стоит своих денег. Особенно заметно: поломка, брак.",1,2026-01-13
R0181,U018,P007,Электрочайник GlassHeat,"Покупкой недовольна, заряд держит мало, подключение часто пропадает. Особенно заметно: шум, поломка.",1,2026-01-25
R0182,U042,P004,Умные часы FitTime Pro,"Обычный товар, в целом работает, но без сильных преимуществ. Особенно заметно: быстро, но поломка.",3,2026-03-23
R0183,U009,P004,Умные часы FitTime Pro,"Обычный товар, в целом работает, но без сильных преимуществ. Особенно заметно: приятно, но царапина.",3,2026-04-11
R0184,U022,P004,Умные часы FitTime Pro,"Очень довольна заказом, товар соответствует описанию и фото. Особенно заметно: быстро, надежно.",5,2026-04-10
R0185,U009,P003,Беспроводные наушники SonicPods,"Очень удобная вещь, пользуюсь каждый день, рекомендую к покупке. Особенно заметно: удобно, качественно.",5,2026-03-11
R0186,U009,P001,Смартфон Aurora X1,"Хорошая сборка, приятный дизайн, цена полностью оправдана. Особенно заметно: качественно, быстро.",5,2026-01-02
R0187,U017,P003,Беспроводные наушники SonicPods,"Покупка удачная, устройство тихое, красивое и надежное. Особенно заметно: удобно, качественно.",5,2026-01-07
R0188,U031,P002,Ноутбук VectorBook 14,"Плохой опыт, после недели использования появилась неисправность. Особенно заметно: шум, царапина.",2,2026-02-27
R0189,U015,P009,Клавиатура KeyMaster RGB,"Работает лучше предыдущей модели, батарея держит долго, впечатления положительные. Особенно заметно: выгодно, приятно.",5,2026-03-20
R0190,U002,P011,Планшет TabLine 10,"Описание на сайте красивое, но в реальности товар заметно хуже. Особенно заметно: медленно, поломка.",1,2026-01-08
R0191,U032,P002,Ноутбук VectorBook 14,"Доставка задержалась, коробка была мятая, впечатление испорчено. Особенно заметно: шум, задержка.",1,2026-04-02
R0192,U010,P010,Монитор VisionView 27,"Очень довольна заказом, товар соответствует описанию и фото. Особенно заметно: качественно, приятно.",5,2026-01-09
R0193,U034,P010,Монитор VisionView 27,"Очень довольна заказом, товар соответствует описанию и фото. Особенно заметно: аккуратно, быстро.",4,2026-02-07
R0194,U008,P012,Роутер HomeNet AX,"Нормально за свою цену, есть плюсы и минусы. Особенно заметно: аккуратно, но неудобно.",3,2026-04-20
R0195,U027,P004,Умные часы FitTime Pro,"Описание на сайте красивое, но в реальности товар заметно хуже. Особенно заметно: медленно, поломка.",2,2026-02-13
R0196,U021,P002,Ноутбук VectorBook 14,"Товар понравился, всё подключилось без проблем, инструкция понятная. Особенно заметно: качественно, удобно.",4,2026-02-24
R0197,U031,P011,Планшет TabLine 10,"Качество выше ожиданий, упаковка аккуратная, доставка пришла вовремя. Особенно заметно: удобно, приятно.",5,2026-01-09
R0198,U024,P002,Ноутбук VectorBook 14,"Отличный товар, работает быстро и стабильно, покупкой довольна. Особенно заметно: качественно, стильно.",5,2026-04-14
R0199,U027,P002,Ноутбук VectorBook 14,"Описание на сайте красивое, но в реальности товар заметно хуже. Особенно заметно: брак, задержка.",2,2026-02-15
R0200,U020,P010,Монитор VisionView 27,"Работает лучше предыдущей модели, батарея держит долго, впечатления положительные. Особенно заметно: приятно, удобно.",5,2026-02-15
R0201,U031,P011,Планшет TabLine 10,"Пластик дешевый, сборка хлипкая, товар не стоит своих денег. Особенно заметно: поломка, брак.",2,2026-01-29
R0202,U037,P005,Пылесос CleanBot Mini,"Плохой опыт, после недели использования появилась неисправность. Особенно заметно: брак, возврат.",2,2026-01-29
R0203,U045,P011,Планшет TabLine 10,"Товар понравился, всё подключилось без проблем, инструкция понятная. Особенно заметно: выгодно, надежно.",5,2026-02-04
R0204,U001,P006,Кофемашина AromaBarista,"Не подошло, работает нестабильно, интерфейс неудобный и медленный. Особенно заметно: медленно, брак.",2,2026-01-24
R0205,U041,P003,Беспроводные наушники SonicPods,"Работает лучше предыдущей модели, батарея держит долго, впечатления положительные. Особенно заметно: приятно, стильно. Меня зовут Сергей, телефон +7 999 564-53-30.",5,2026-01-04
R0206,U020,P006,Кофемашина AromaBarista,"Очень довольна заказом, товар соответствует описанию и фото. Особенно заметно: удобно, быстро.",4,2026-04-03
R0207,U011,P003,Беспроводные наушники SonicPods,"Качество выше ожиданий, упаковка аккуратная, доставка пришла вовремя. Особенно заметно: выгодно, приятно.",4,2026-04-07
R0208,U028,P011,Планшет TabLine 10,"Можно пользоваться, но качество не идеальное. Особенно заметно: выгодно, но царапина.",3,2026-03-04
R0209,U008,P009,Клавиатура KeyMaster RGB,"Товар понравился, всё подключилось без проблем, инструкция понятная. Особенно заметно: стильно, выгодно.",4,2026-02-14
R0210,U020,P011,Планшет TabLine 10,"Очень довольна заказом, товар соответствует описанию и фото. Особенно заметно: быстро, стильно.",5,2026-01-06
R0211,U020,P004,Умные часы FitTime Pro,"Пришёл брак, пришлось писать в поддержку и оформлять возврат. Особенно заметно: возврат, задержка.",2,2026-01-28
R0212,U001,P002,Ноутбук VectorBook 14,"Не рекомендую, устройство шумит, иногда зависает и плохо работает. Особенно заметно: задержка, царапина.",2,2026-03-05
R0213,U015,P009,Клавиатура KeyMaster RGB,"Покупка средняя, ожидания частично оправдались. Особенно заметно: удобно, но медленно.",3,2026-03-06
R0214,U003,P012,Роутер HomeNet AX,"Качество выше ожиданий, упаковка аккуратная, доставка пришла вовремя. Особенно заметно: качественно, выгодно.",5,2026-02-25
R0215,U037,P007,Электрочайник GlassHeat,"Описание на сайте красивое, но в реальности товар заметно хуже. Особенно заметно: возврат, брак.",2,2026-02-21
R0216,U002,P007,Электрочайник GlassHeat,"Очень довольна заказом, товар соответствует описанию и фото. Особенно заметно: стильно, аккуратно.",5,2026-02-11
R0217,U024,P012,Роутер HomeNet AX,"Качество выше ожиданий, упаковка аккуратная, доставка пришла вовремя. Особенно заметно: приятно, стильно.",4,2026-01-12
R0218,U026,P010,Монитор VisionView 27,"Товар понравился, всё подключилось без проблем, инструкция понятная. Особенно заметно: качественно, удобно.",5,2026-03-09
R0219,U011,P006,Кофемашина AromaBarista,"Качество выше ожиданий, упаковка аккуратная, доставка пришла вовремя. Особенно заметно: приятно, аккуратно.",4,2026-01-10
R0220,U023,P006,Кофемашина AromaBarista,"Не рекомендую, устройство шумит, иногда зависает и плохо работает. Особенно заметно: царапина, брак.",1,2026-04-04
R0221,U017,P003,Беспроводные наушники SonicPods,"Очень удобная вещь, пользуюсь каждый день, рекомендую к покупке. Особенно заметно: удобно, стильно.",5,2026-01-26
R0222,U032,P011,Планшет TabLine 10,"Не подошло, работает нестабильно, интерфейс неудобный и медленный. Особенно заметно: неудобно, поломка.",2,2026-03-01
R0223,U042,P010,Монитор VisionView 27,"Пластик дешевый, сборка хлипкая, товар не стоит своих денег. Особенно заметно: поломка, шум.",1,2026-03-23
R0224,U005,P008,Игровая мышь CyberClick,"Товар понравился, всё подключилось без проблем, инструкция понятная. Особенно заметно: выгодно, стильно.",4,2026-03-02
R0225,U023,P001,Смартфон Aurora X1,"Сервис магазина порадовал, товар новый, без дефектов и царапин. Особенно заметно: стильно, быстро.",5,2026-03-06
R0226,U024,P001,Смартфон Aurora X1,"Качество выше ожиданий, упаковка аккуратная, доставка пришла вовремя. Особенно заметно: аккуратно, приятно.",5,2026-04-17
R0227,U036,P010,Монитор VisionView 27,"Обычный товар, в целом работает, но без сильных преимуществ. Особенно заметно: стильно, но царапина.",3,2026-04-12
R0228,U039,P006,Кофемашина AromaBarista,"Отличный товар, работает быстро и стабильно, покупкой довольна. Особенно заметно: стильно, быстро.",4,2026-03-02
R0229,U006,P006,Кофемашина AromaBarista,"Обычный товар, в целом работает, но без сильных преимуществ. Особенно заметно: приятно, но неудобно.",3,2026-03-06
R0230,U034,P008,Игровая мышь CyberClick,"Покупка средняя, ожидания частично оправдались. Особенно заметно: качественно, но возврат.",3,2026-03-08
R0231,U027,P007,Электрочайник GlassHeat,"Очень довольна заказом, товар соответствует описанию и фото. Особенно заметно: быстро, аккуратно.",4,2026-04-10
R0232,U042,P011,Планшет TabLine 10,"Качество выше ожиданий, упаковка аккуратная, доставка пришла вовремя. Особенно заметно: аккуратно, надежно.",5,2026-02-12
R0233,U043,P005,Пылесос CleanBot Mini,"Пластик дешевый, сборка хлипкая, товар не стоит своих денег. Особенно заметно: шум, возврат.",1,2026-03-19
R0234,U010,P011,Планшет TabLine 10,"Покупка удачная, устройство тихое, красивое и надежное. Особенно заметно: надежно, выгодно.",4,2026-02-14
R0235,U006,P012,Роутер HomeNet AX,"Покупка средняя, ожидания частично оправдались. Особенно заметно: надежно, но шум.",3,2026-02-09
R0236,U043,P011,Планшет TabLine 10,"Отличный товар, работает быстро и стабильно, покупкой довольна. Особенно заметно: качественно, надежно.",4,2026-02-24
R0237,U014,P003,Беспроводные наушники SonicPods,"Покупкой недовольна, заряд держит мало, подключение часто пропадает. Особенно заметно: царапина, шум.",1,2026-02-13
R0238,U010,P003,Беспроводные наушники SonicPods,"Качество выше ожиданий, упаковка аккуратная, доставка пришла вовремя. Особенно заметно: быстро, качественно.",5,2026-01-10
R0239,U040,P006,Кофемашина AromaBarista,"Нормально за свою цену, есть плюсы и минусы. Особенно заметно: надежно, но задержка.",3,2026-01-17
R0240,U040,P012,Роутер HomeNet AX,"Покупкой недовольна, заряд держит мало, подключение часто пропадает. Особенно заметно: брак, царапина.",1,2026-04-14
R0241,U044,P006,Кофемашина AromaBarista,"Сервис магазина порадовал, товар новый, без дефектов и царапин. Особенно заметно: выгодно, аккуратно.",5,2026-04-03
R0242,U029,P012,Роутер HomeNet AX,"Товар понравился, всё подключилось без проблем, инструкция понятная. Особенно заметно: стильно, аккуратно.",4,2026-01-30
R0243,U024,P004,Умные часы FitTime Pro,"Покупкой недовольна, заряд держит мало, подключение часто пропадает. Особенно заметно: неудобно, медленно.",1,2026-03-28
R0244,U025,P005,Пылесос CleanBot Mini,"Нормально за свою цену, есть плюсы и минусы. Особенно заметно: приятно, но задержка.",3,2026-03-06
R0245,U004,P005,Пылесос CleanBot Mini,"Покупка средняя, ожидания частично оправдались. Особенно заметно: удобно, но шум.",3,2026-03-24
R0246,U006,P005,Пылесос CleanBot Mini,"Сервис магазина порадовал, товар новый, без дефектов и царапин. Особенно заметно: надежно, аккуратно.",5,2026-04-08
R0247,U006,P007,Электрочайник GlassHeat,"Пластик дешевый, сборка хлипкая, товар не стоит своих денег. Особенно заметно: брак, царапина.",2,2026-01-29
R0248,U026,P001,Смартфон Aurora X1,"Покупка удачная, устройство тихое, красивое и надежное. Особенно заметно: удобно, надежно.",5,2026-03-06
R0249,U002,P004,Умные часы FitTime Pro,"Пластик дешевый, сборка хлипкая, товар не стоит своих денег. Особенно заметно: задержка, шум.",1,2026-02-10
R0250,U019,P001,Смартфон Aurora X1,"Очень удобная вещь, пользуюсь каждый день, рекомендую к покупке. Особенно заметно: стильно, приятно. Свяжитесь со мной по номеру 8-916-730-10-20.",4,2026-04-17
R0251,U017,P001,Смартфон Aurora X1,"Можно пользоваться, но качество не идеальное. Особенно заметно: удобно, но возврат.",3,2026-01-28
R0252,U020,P004,Умные часы FitTime Pro,"Покупка удачная, устройство тихое, красивое и надежное. Особенно заметно: стильно, быстро.",5,2026-01-16
R0253,U032,P002,Ноутбук VectorBook 14,"Работает лучше предыдущей модели, батарея держит долго, впечатления положительные. Особенно заметно: приятно, качественно.",4,2026-03-18
R0254,U019,P003,Беспроводные наушники SonicPods,"За свои деньги просто супер, функциональность отличная, нареканий нет. Особенно заметно: приятно, выгодно.",5,2026-02-24
R0255,U012,P007,Электрочайник GlassHeat,"Плохой опыт, после недели использования появилась неисправность. Особенно заметно: поломка, брак.",2,2026-03-27
R0256,U035,P009,Клавиатура KeyMaster RGB,"Плохой опыт, после недели использования появилась неисправность. Особенно заметно: брак, царапина.",2,2026-03-06
R0257,U003,P008,Игровая мышь CyberClick,"За свои деньги просто супер, функциональность отличная, нареканий нет. Особенно заметно: выгодно, качественно.",4,2026-03-23
R0258,U023,P001,Смартфон Aurora X1,"Хорошая сборка, приятный дизайн, цена полностью оправдана. Особенно заметно: удобно, аккуратно.",5,2026-04-11
R0259,U022,P010,Монитор VisionView 27,"Работает лучше предыдущей модели, батарея держит долго, впечатления положительные. Особенно заметно: качественно, аккуратно.",5,2026-01-18
R0260,U012,P011,Планшет TabLine 10,"Покупкой недовольна, заряд держит мало, подключение часто пропадает. Особенно заметно: неудобно, поломка.",2,2026-04-17
R0261,U009,P003,Беспроводные наушники SonicPods,"Сервис магазина порадовал, товар новый, без дефектов и царапин. Особенно заметно: быстро, надежно.",4,2026-01-09
R0262,U003,P004,Умные часы FitTime Pro,"Отличный товар, работает быстро и стабильно, покупкой довольна. Особенно заметно: качественно, надежно.",5,2026-04-12
R0263,U026,P009,Клавиатура KeyMaster RGB,"Покупка средняя, ожидания частично оправдались. Особенно заметно: быстро, но царапина.",3,2026-04-15
R0264,U023,P005,Пылесос CleanBot Mini,"Пластик дешевый, сборка хлипкая, товар не стоит своих денег. Особенно заметно: возврат, брак.",2,2026-04-21
R0265,U028,P006,Кофемашина AromaBarista,"Сервис магазина порадовал, товар новый, без дефектов и царапин. Особенно заметно: аккуратно, надежно.",4,2026-04-24
R0266,U032,P003,Беспроводные наушники SonicPods,"Работает лучше предыдущей модели, батарея держит долго, впечатления положительные. Особенно заметно: выгодно, аккуратно.",4,2026-03-30
R0267,U028,P002,Ноутбук VectorBook 14,"Очень удобная вещь, пользуюсь каждый день, рекомендую к покупке. Особенно заметно: выгодно, надежно.",4,2026-01-11
R0268,U006,P002,Ноутбук VectorBook 14,"Покупка средняя, ожидания частично оправдались. Особенно заметно: стильно, но медленно.",3,2026-02-11
R0269,U045,P003,Беспроводные наушники SonicPods,"Отличный товар, работает быстро и стабильно, покупкой довольна. Особенно заметно: качественно, выгодно.",5,2026-02-26
R0270,U018,P007,Электрочайник GlassHeat,"Товар разочаровал, качество слабое, появились проблемы уже в первый день. Особенно заметно: шум, поломка.",1,2026-03-23
R0271,U026,P011,Планшет TabLine 10,"Очень удобная вещь, пользуюсь каждый день, рекомендую к покупке. Особенно заметно: быстро, удобно.",4,2026-02-16
R0272,U044,P010,Монитор VisionView 27,"Очень удобная вещь, пользуюсь каждый день, рекомендую к покупке. Особенно заметно: удобно, стильно.",4,2026-04-11
R0273,U024,P011,Планшет TabLine 10,"Очень довольна заказом, товар соответствует описанию и фото. Особенно заметно: быстро, выгодно.",4,2026-02-16
R0274,U044,P003,Беспроводные наушники SonicPods,"Пластик дешевый, сборка хлипкая, товар не стоит своих денег. Особенно заметно: неудобно, медленно.",1,2026-02-27
R0275,U037,P002,Ноутбук VectorBook 14,"Покупка удачная, устройство тихое, красивое и надежное. Особенно заметно: качественно, стильно.",4,2026-01-18
R0276,U016,P005,Пылесос CleanBot Mini,"Очень удобная вещь, пользуюсь каждый день, рекомендую к покупке. Особенно заметно: стильно, выгодно.",5,2026-01-15
R0277,U036,P007,Электрочайник GlassHeat,"Товар понравился, всё подключилось без проблем, инструкция понятная. Особенно заметно: стильно, удобно.",4,2026-01-16
R0278,U019,P010,Монитор VisionView 27,"Покупкой недовольна, заряд держит мало, подключение часто пропадает. Особенно заметно: царапина, брак.",2,2026-03-30
R0279,U005,P003,Беспроводные наушники SonicPods,"Сервис магазина порадовал, товар новый, без дефектов и царапин. Особенно заметно: удобно, аккуратно.",5,2026-02-27
R0280,U021,P011,Планшет TabLine 10,"Качество выше ожиданий, упаковка аккуратная, доставка пришла вовремя. Особенно заметно: выгодно, надежно.",4,2026-03-27
R0281,U045,P003,Беспроводные наушники SonicPods,"За свои деньги просто супер, функциональность отличная, нареканий нет. Особенно заметно: приятно, быстро.",5,2026-03-23
R0282,U009,P004,Умные часы FitTime Pro,"Товар разочаровал, качество слабое, появились проблемы уже в первый день. Особенно заметно: поломка, возврат.",2,2026-01-31
R0283,U024,P010,Монитор VisionView 27,"Нормально за свою цену, есть плюсы и минусы. Особенно заметно: удобно, но шум.",3,2026-03-01
R0284,U026,P005,Пылесос CleanBot Mini,"Плохой опыт, после недели использования появилась неисправность. Особенно заметно: медленно, неудобно.",2,2026-04-02
R0285,U037,P007,Электрочайник GlassHeat,"За свои деньги просто супер, функциональность отличная, нареканий нет. Особенно заметно: удобно, приятно.",5,2026-01-10
R0286,U044,P008,Игровая мышь CyberClick,"Работает лучше предыдущей модели, батарея держит долго, впечатления положительные. Особенно заметно: надежно, аккуратно.",4,2026-03-08
R0287,U028,P003,Беспроводные наушники SonicPods,"Товар разочаровал, качество слабое, появились проблемы уже в первый день. Особенно заметно: шум, возврат.",2,2026-03-06
R0288,U020,P003,Беспроводные наушники SonicPods,"Хорошая сборка, приятный дизайн, цена полностью оправдана. Особенно заметно: качественно, выгодно.",5,2026-01-22
R0289,U006,P005,Пылесос CleanBot Mini,"Работает лучше предыдущей модели, батарея держит долго, впечатления положительные. Особенно заметно: выгодно, удобно.",4,2026-02-02
R0290,U020,P011,Планшет TabLine 10,"Работает лучше предыдущей модели, батарея держит долго, впечатления положительные. Особенно заметно: надежно, выгодно.",4,2026-03-20
R0291,U010,P010,Монитор VisionView 27,"Очень довольна заказом, товар соответствует описанию и фото. Особенно заметно: качественно, аккуратно.",4,2026-01-22
R0292,U003,P010,Монитор VisionView 27,"Доставка задержалась, коробка была мятая, впечатление испорчено. Особенно заметно: брак, поломка.",2,2026-04-16
R0293,U017,P010,Монитор VisionView 27,"Очень довольна заказом, товар соответствует описанию и фото. Особенно заметно: аккуратно, выгодно.",5,2026-03-25
R0294,U002,P011,Планшет TabLine 10,"Плохой опыт, после недели использования появилась неисправность. Особенно заметно: возврат, поломка.",2,2026-03-05
R0295,U031,P005,Пылесос CleanBot Mini,"Описание на сайте красивое, но в реальности товар заметно хуже. Особенно заметно: возврат, царапина.",2,2026-02-01
R0296,U045,P002,Ноутбук VectorBook 14,"Покупка удачная, устройство тихое, красивое и надежное. Особенно заметно: стильно, приятно.",5,2026-01-08
R0297,U022,P004,Умные часы FitTime Pro,"За свои деньги просто супер, функциональность отличная, нареканий нет. Особенно заметно: качественно, приятно.",5,2026-03-19
R0298,U024,P003,Беспроводные наушники SonicPods,"За свои деньги просто супер, функциональность отличная, нареканий нет. Особенно заметно: приятно, стильно.",4,2026-03-07
R0299,U018,P002,Ноутбук VectorBook 14,"Качество выше ожиданий, упаковка аккуратная, доставка пришла вовремя. Особенно заметно: быстро, надежно.",5,2026-02-27
R0300,U040,P007,Электрочайник GlassHeat,"Очень удобная вещь, пользуюсь каждый день, рекомендую к покупке. Особенно заметно: качественно, выгодно.",4,2026-02-23
R0301,U021,P012,Роутер HomeNet AX,"Покупкой недовольна, заряд держит мало, подключение часто пропадает. Особенно заметно: неудобно, царапина.",2,2026-01-25
R0302,U032,P005,Пылесос CleanBot Mini,"Покупка удачная, устройство тихое, красивое и надежное. Особенно заметно: стильно, удобно.",5,2026-01-03
R0303,U038,P004,Умные часы FitTime Pro,"Товар понравился, всё подключилось без проблем, инструкция понятная. Особенно заметно: стильно, выгодно.",5,2026-02-15
R0304,U044,P011,Планшет TabLine 10,"Отличный товар, работает быстро и стабильно, покупкой довольна. Особенно заметно: удобно, приятно.",4,2026-03-02
R0305,U017,P003,Беспроводные наушники SonicPods,"Покупка удачная, устройство тихое, красивое и надежное. Особенно заметно: качественно, быстро.",5,2026-04-04
R0306,U004,P007,Электрочайник GlassHeat,"Покупка средняя, ожидания частично оправдались. Особенно заметно: выгодно, но шум.",3,2026-03-14
R0307,U033,P007,Электрочайник GlassHeat,"Пришёл брак, пришлось писать в поддержку и оформлять возврат. Особенно заметно: шум, неудобно.",2,2026-02-27
R0308,U026,P002,Ноутбук VectorBook 14,"Пластик дешевый, сборка хлипкая, товар не стоит своих денег. Особенно заметно: поломка, медленно.",2,2026-02-17
R0309,U013,P003,Беспроводные наушники SonicPods,"Работает лучше предыдущей модели, батарея держит долго, впечатления положительные. Особенно заметно: быстро, стильно.",4,2026-03-19
R0310,U009,P001,Смартфон Aurora X1,"Сервис магазина порадовал, товар новый, без дефектов и царапин. Особенно заметно: стильно, удобно.",5,2026-04-02
R0311,U033,P010,Монитор VisionView 27,"Очень довольна заказом, товар соответствует описанию и фото. Особенно заметно: качественно, удобно.",5,2026-01-18
R0312,U040,P007,Электрочайник GlassHeat,"Не подошло, работает нестабильно, интерфейс неудобный и медленный. Особенно заметно: поломка, возврат.",1,2026-04-05
R0313,U035,P009,Клавиатура KeyMaster RGB,"Покупка средняя, ожидания частично оправдались. Особенно заметно: стильно, но брак.",3,2026-03-04
R0314,U022,P006,Кофемашина AromaBarista,"Покупка удачная, устройство тихое, красивое и надежное. Особенно заметно: выгодно, аккуратно.",5,2026-03-28
R0315,U045,P012,Роутер HomeNet AX,"Сервис магазина порадовал, товар новый, без дефектов и царапин. Особенно заметно: выгодно, качественно.",5,2026-03-22
R0316,U037,P010,Монитор VisionView 27,"Можно пользоваться, но качество не идеальное. Особенно заметно: надежно, но медленно.",3,2026-01-30
R0317,U044,P003,Беспроводные наушники SonicPods,"Качество выше ожиданий, упаковка аккуратная, доставка пришла вовремя. Особенно заметно: приятно, быстро.",5,2026-02-01
R0318,U021,P008,Игровая мышь CyberClick,"Хорошая сборка, приятный дизайн, цена полностью оправдана. Особенно заметно: аккуратно, выгодно.",5,2026-02-23
R0319,U031,P010,Монитор VisionView 27,"Обычный товар, в целом работает, но без сильных преимуществ. Особенно заметно: надежно, но царапина.",3,2026-04-22
R0320,U021,P009,Клавиатура KeyMaster RGB,"Покупка удачная, устройство тихое, красивое и надежное. Особенно заметно: качественно, удобно.",4,2026-03-26
