review_id,user_id,product_id,product,text,rating,date,sentiment,sentiment_label,kmeans_cluster,dbscan_cluster,x,y
R0001,U008,P011,Планшет TabLine 10,"Цена завышена, ожидала большего, функциональность неудобная. Особенно заметно: царапина, шум.",2,2026-01-04,0,негативный,2,0,0.04848958559638072,0.0029878964127308255
R0002,U007,P012,Роутер HomeNet AX,"Плохой опыт, после недели использования [NAME] неисправность. Особенно заметно: шум, возврат.",2,2026-03-28,0,негативный,2,1,0.025476819204392244,-0.04085159851257469
R0003,U003,P007,Электрочайник GlassHeat,"Хорошая [NAME], приятный дизайн, цена полностью оправдана. Особенно заметно: быстро, выгодно.",5,2026-01-04,1,позитивный,2,2,-0.0013953952820137143,0.0015073373634403957
R0004,U042,P004,Умные часы FitTime Pro,"Нормально за свою цену, есть плюсы и минусы. Особенно заметно: стильно, но возврат.",3,2026-03-31,0,негативный,1,3,0.08101200686616013,-0.04594927707887453
R0005,U011,P001,Смартфон Aurora X1,"Товар понравился, всё подключилось без проблем, инструкция [NAME]. Особенно заметно: надежно, удобно.",4,2026-03-31,1,позитивный,3,4,-0.5439130040363147,-0.2826545714743232
R0006,U007,P006,Кофемашина AromaBarista,"За свои деньги просто супер, функциональность отличная, нареканий нет. Особенно заметно: качественно, выгодно.",4,2026-01-12,1,позитивный,2,5,0.07309012022746099,0.04695538786044069
R0007,U003,P005,Пылесос CleanBot Mini,"Обычный товар, в целом работает, но без сильных преимуществ. Особенно заметно: аккуратно, но шум. Меня зовут [NAME], телефон [PHONE].",3,2026-04-04,0,негативный,1,6,-0.004368987253587283,-0.04781277792679912
R0008,U037,P006,Кофемашина AromaBarista,"Обычный товар, в целом работает, но без сильных преимуществ. Особенно заметно: приятно, но возврат.",3,2026-01-25,0,негативный,1,6,0.015395343591850925,-0.05879746197290574
R0009,U015,P002,Ноутбук VectorBook 14,"Товар понравился, всё подключилось без проблем, инструкция [NAME]. Особенно заметно: стильно, качественно.",5,2026-04-21,1,позитивный,3,4,-0.5573294132558353,-0.29103609121132457
R0010,U011,P006,Кофемашина AromaBarista,"Товар понравился, всё подключилось без проблем, инструкция [NAME]. Особенно заметно: удобно, выгодно.",4,2026-02-17,1,позитивный,3,4,-0.5705854641456463,-0.30239855089716655
R0011,U011,P011,Планшет TabLine 10,"Нормально за свою цену, есть плюсы и минусы. Особенно заметно: стильно, но медленно.",3,2026-03-10,0,негативный,1,3,0.08171877968094628,-0.04784913792737803
R0012,U041,P005,Пылесос CleanBot Mini,"Покупка средняя, ожидания [NAME] оправдались. Особенно заметно: быстро, но царапина.",3,2026-03-30,0,негативный,1,7,0.21257032983798857,-0.19165676654964767
R0013,U021,P001,Смартфон Aurora X1,"Хорошая [NAME], приятный дизайн, цена полностью оправдана. Особенно заметно: качественно, удобно.",5,2026-02-21,1,позитивный,2,2,-0.01245140191938726,-0.027333481865654506
R0014,U032,P011,Планшет TabLine 10,"Покупкой недовольна, заряд держит мало, подключение часто пропадает. Особенно заметно: задержка, неудобно.",2,2026-02-20,0,негативный,2,8,0.053184812348407474,0.01694364382738156
R0015,U016,P003,Беспроводные наушники SonicPods,"Товар понравился, всё подключилось без проблем, инструкция [NAME]. Особенно заметно: аккуратно, выгодно.",4,2026-04-06,1,позитивный,3,4,-0.5643415671217032,-0.25509258507077576
R0016,U024,P007,Электрочайник GlassHeat,"Не рекомендую, устройство шумит, иногда зависает и плохо работает. Особенно заметно: неудобно, брак.",1,2026-01-29,0,негативный,2,9,0.09344380852424758,-0.01516593502602421
R0017,U008,P001,Смартфон Aurora X1,"Покупка удачная, устройство тихое, красивое и надежное. Особенно заметно: удобно, приятно.",4,2026-01-20,1,позитивный,2,10,0.560726233738308,-0.1430093408070517
R0018,U039,P007,Электрочайник GlassHeat,"Обычный товар, в целом работает, но без сильных преимуществ. Особенно заметно: удобно, но возврат.",3,2026-03-01,0,негативный,1,6,0.01692125983787371,-0.06578309690060789
R0019,U022,P011,Планшет TabLine 10,"Очень удобная [NAME], пользуюсь каждый день, рекомендую к покупке. Особенно заметно: стильно, быстро.",4,2026-01-15,1,позитивный,2,11,-0.037996385370490396,0.06406377827616061
R0020,U017,P012,Роутер HomeNet AX,"Плохой опыт, после недели использования [NAME] неисправность. Особенно заметно: шум, медленно.",2,2026-03-06,0,негативный,2,1,0.025287215348044206,-0.04397093751874945
R0021,U020,P011,Планшет TabLine 10,"Нормально за свою цену, есть плюсы и минусы. Особенно заметно: надежно, но поломка.",3,2026-04-18,0,негативный,1,3,0.07438512264562767,-0.03071054088102649
R0022,U035,P003,Беспроводные наушники SonicPods,"Товар разочаровал, качество слабое, появились проблемы уже в первый день. Особенно заметно: поломка, царапина.",2,2026-04-10,0,негативный,2,12,0.019607790647995133,0.02430136244821361
R0023,U008,P001,Смартфон Aurora X1,"Пришёл брак, пришлось писать в поддержку и оформлять возврат. Особенно заметно: царапина, брак.",2,2026-02-16,0,негативный,2,13,0.04872519698710439,0.002339921030089576
R0024,U037,P004,Умные часы FitTime Pro,"Сервис магазина порадовал, товар новый, без дефектов и царапин. Особенно заметно: удобно, аккуратно.",5,2026-01-11,1,позитивный,0,14,-0.1935350367605424,0.10640196840197116
R0025,U009,P009,Клавиатура KeyMaster RGB,"Нормально за свою цену, есть плюсы и минусы. Особенно заметно: выгодно, но медленно.",3,2026-01-17,0,негативный,1,3,0.08132637673306081,-0.0371628263896908
R0026,U035,P004,Умные часы FitTime Pro,"Нормально за свою цену, есть плюсы и минусы. Особенно заметно: выгодно, но медленно.",3,2026-04-07,0,негативный,1,3,0.08132637673306081,-0.0371628263896908
R0027,U042,P011,Планшет TabLine 10,"Работает лучше предыдущей модели, батарея [NAME] долго, впечатления [NAME]. Особенно заметно: стильно, быстро.",4,2026-02-17,1,позитивный,3,15,-0.29409032626950093,-0.31320895497001455
R0028,U015,P004,Умные часы FitTime Pro,"Очень довольна заказом, товар соответствует описанию и фото. Особенно заметно: приятно, выгодно.",4,2026-01-09,1,позитивный,3,16,-0.11912530583230586,0.6928695226965156
R0029,U001,P004,Умные часы FitTime Pro,"Обычный товар, в целом работает, но без сильных преимуществ. Особенно заметно: приятно, но шум.",3,2026-01-10,0,негативный,1,6,0.020707526178823873,-0.06662617394942945
R0030,U022,P001,Смартфон Aurora X1,"Товар понравился, всё подключилось без проблем, инструкция [NAME]. Особенно заметно: стильно, удобно.",4,2026-01-10,1,позитивный,3,4,-0.5603899522195682,-0.3028164196443421
R0031,U009,P009,Клавиатура KeyMaster RGB,"Не подошло, работает нестабильно, интерфейс неудобный и медленный. Особенно заметно: неудобно, шум.",1,2026-04-03,0,негативный,2,17,0.034177747181102704,-0.005965145754568172
R0032,U027,P008,Игровая мышь CyberClick,"Покупка удачная, устройство тихое, красивое и надежное. Особенно заметно: качественно, приятно.",5,2026-01-25,1,позитивный,2,10,0.5529832960274148,-0.12280844555383921
R0033,U030,P007,Электрочайник GlassHeat,"Доставка задержалась, коробка была мятая, впечатление испорчено. Особенно заметно: брак, царапина.",2,2026-04-21,0,негативный,2,18,0.05547245898346098,0.010562706471828075
R0034,U022,P012,Роутер HomeNet AX,"Цена завышена, ожидала большего, функциональность неудобная. Особенно заметно: царапина, шум.",2,2026-04-13,0,негативный,2,0,0.04848958559638089,0.002987896412730674
R0035,U029,P009,Клавиатура KeyMaster RGB,"Товар понравился, всё подключилось без проблем, инструкция [NAME]. Особенно заметно: стильно, удобно.",4,2026-01-18,1,позитивный,3,4,-0.5603899522195682,-0.3028164196443421
R0036,U029,P002,Ноутбук VectorBook 14,"Плохой опыт, после недели использования [NAME] неисправность. Особенно заметно: шум, брак.",2,2026-04-14,0,негативный,2,1,0.024239574053079454,-0.04176323996463411
R0037,U035,P011,Планшет TabLine 10,"Качество выше ожиданий, упаковка аккуратная, доставка пришла вовремя. Особенно заметно: приятно, удобно.",5,2026-04-18,1,позитивный,2,19,0.059274374757101254,0.04146974350886496
R0038,U032,P007,Электрочайник GlassHeat,"Покупка удачная, устройство тихое, красивое и надежное. Особенно заметно: быстро, удобно.",4,2026-03-03,1,позитивный,2,10,0.5397592641191826,-0.1149818925409973
R0039,U001,P007,Электрочайник GlassHeat,"Сервис магазина порадовал, товар новый, без дефектов и царапин. Особенно заметно: выгодно, приятно.",4,2026-02-19,1,позитивный,0,14,-0.19988346043467098,0.10700506949987573
R0040,U036,P012,Роутер HomeNet AX,"Нормально за свою цену, есть плюсы и минусы. Особенно заметно: приятно, но возврат.",3,2026-03-26,0,негативный,1,3,0.09693623890140388,-0.03551573368287524
R0041,U004,P004,Умные часы FitTime Pro,"Обычный товар, в целом работает, но без сильных преимуществ. Особенно заметно: качественно, но брак. Меня зовут [NAME], телефон [PHONE].",3,2026-03-16,0,негативный,1,6,-0.004803987896429668,-0.05016796345632854
R0042,U011,P009,Клавиатура KeyMaster RGB,"Доставка задержалась, коробка была мятая, впечатление испорчено. Особенно заметно: задержка, брак.",1,2026-01-08,0,негативный,2,18,0.05342247632666151,0.011074309531525177
R0043,U005,P010,Монитор VisionView 27,"Описание на сайте красивое, но в реальности товар заметно хуже. Особенно заметно: шум, возврат.",2,2026-03-28,0,негативный,2,20,0.08094005383576115,-0.007341883693798659
R0044,U038,P004,Умные часы FitTime Pro,"Качество выше ожиданий, упаковка аккуратная, доставка пришла вовремя. Особенно заметно: аккуратно, качественно.",5,2026-03-18,1,позитивный,2,19,0.047004626992815206,0.07425852357211335
R0045,U037,P010,Монитор VisionView 27,"Товар понравился, всё подключилось без проблем, инструкция [NAME]. Особенно заметно: приятно, качественно.",5,2026-03-08,1,позитивный,3,4,-0.530395841533407,-0.2775636834342524
R0046,U021,P012,Роутер HomeNet AX,"Очень удобная [NAME], пользуюсь каждый день, рекомендую к покупке. Особенно заметно: выгодно, приятно.",5,2026-01-31,1,позитивный,2,11,-0.03769323650227261,0.06675963940211575
R0047,U005,P006,Кофемашина AromaBarista,"Очень довольна заказом, товар соответствует описанию и фото. Особенно заметно: удобно, быстро.",4,2026-01-02,1,позитивный,3,16,-0.11042171045421144,0.7084633837482273
R0048,U014,P009,Клавиатура KeyMaster RGB,"За свои деньги просто супер, функциональность отличная, нареканий нет. Особенно заметно: удобно, стильно.",5,2026-03-06,1,позитивный,2,5,0.08683969563996286,0.028128106354544265
R0049,U019,P006,Кофемашина AromaBarista,"Работает лучше предыдущей модели, батарея [NAME] долго, впечатления [NAME]. Особенно заметно: выгодно, стильно.",4,2026-01-21,1,позитивный,3,15,-0.2971068358124511,-0.3240663161326975
R0050,U034,P011,Планшет TabLine 10,"Покупка средняя, ожидания [NAME] оправдались. Особенно заметно: удобно, но задержка.",3,2026-01-02,0,негативный,1,7,0.21126198007518082,-0.22517921222445042
R0051,U008,P005,Пылесос CleanBot Mini,"Работает лучше предыдущей модели, батарея [NAME] долго, впечатления [NAME]. Особенно заметно: надежно, стильно.",5,2026-04-24,1,позитивный,3,15,-0.2946055237526692,-0.3152085305288564
R0052,U039,P005,Пылесос CleanBot Mini,"Цена завышена, ожидала большего, функциональность неудобная. Особенно заметно: возврат, неудобно.",2,2026-01-27,0,негативный,2,0,0.04379203846599391,0.007015031782334556
R0053,U017,P008,Игровая мышь CyberClick,"Товар разочаровал, качество слабое, появились проблемы уже в первый день. Особенно заметно: шум, поломка.",1,2026-04-26,0,негативный,2,12,0.020789366695144553,0.022455194078051903
R0054,U018,P007,Электрочайник GlassHeat,"Очень удобная [NAME], пользуюсь каждый день, рекомендую к покупке. Особенно заметно: выгодно, удобно.",5,2026-01-06,1,позитивный,2,11,-0.041409757150631964,0.05314709182451358
R0055,U029,P012,Роутер HomeNet AX,"Обычный товар, в целом работает, но без сильных преимуществ. Особенно заметно: удобно, но шум.",3,2026-03-12,0,негативный,1,6,0.022234639028366244,-0.07361609518453326
R0056,U010,P012,Роутер HomeNet AX,"За свои деньги просто супер, функциональность отличная, нареканий нет. Особенно заметно: надежно, приятно.",5,2026-03-11,1,позитивный,2,5,0.07612101203352577,0.04439309337340275
R0057,U003,P003,Беспроводные наушники SonicPods,"Отличный товар, работает быстро и стабильно, покупкой довольна. Особенно заметно: качественно, удобно.",5,2026-02-09,1,позитивный,3,21,-0.03634425989171529,0.13249964416996166
R0058,U016,P011,Планшет TabLine 10,"Работает лучше предыдущей модели, батарея [NAME] долго, впечатления [NAME]. Особенно заметно: аккуратно, выгодно.",5,2026-03-27,1,позитивный,3,15,-0.30973327544369483,-0.29119521930553977
R0059,U010,P012,Роутер HomeNet AX,"Не рекомендую, устройство шумит, иногда зависает и плохо работает. Особенно заметно: медленно, брак.",2,2026-01-31,0,негативный,2,9,0.0909903267487119,-0.01657868775040008
R0060,U022,P003,Беспроводные наушники SonicPods,"Цена завышена, ожидала большего, функциональность неудобная. Особенно заметно: возврат, шум.",2,2026-04-11,0,негативный,2,0,0.0462500182612777,0.0034954178164702415
R0061,U007,P012,Роутер HomeNet AX,"Покупкой недовольна, заряд держит мало, подключение часто пропадает. Особенно заметно: царапина, шум.",2,2026-02-18,0,негативный,2,8,0.05874477985662793,0.013121418344337285
R0062,U023,P008,Игровая мышь CyberClick,"Цена завышена, ожидала большего, функциональность неудобная. Особенно заметно: царапина, брак. Свяжитесь со мной по номеру [PHONE].",2,2026-02-09,0,негативный,2,-1,0.03914337811553475,0.008682084000261358
R0063,U018,P006,Кофемашина AromaBarista,"Товар понравился, всё подключилось без проблем, инструкция [NAME]. Особенно заметно: качественно, стильно.",5,2026-04-21,1,позитивный,3,4,-0.5419728518479698,-0.28453698065751326
R0064,U026,P009,Клавиатура KeyMaster RGB,"Плохой опыт, после недели использования [NAME] неисправность. Особенно заметно: поломка, брак.",1,2026-03-28,0,негативный,2,1,0.020959711380316205,-0.03530999537156992
R0065,U017,P002,Ноутбук VectorBook 14,"Покупка средняя, ожидания [NAME] оправдались. Особенно заметно: быстро, но шум.",3,2026-01-23,0,негативный,1,7,0.21902432638168795,-0.19946976620900372
R0066,U028,P010,Монитор VisionView 27,"Покупка средняя, ожидания [NAME] оправдались. Особенно заметно: аккуратно, но шум.",3,2026-02-14,0,негативный,1,7,0.19860038053386442,-0.20241925327588162
R0067,U037,P007,Электрочайник GlassHeat,"Покупка удачная, устройство тихое, красивое и надежное. Особенно заметно: быстро, выгодно.",4,2026-01-25,1,позитивный,2,10,0.5376135759207266,-0.10517489986106263
R0068,U044,P009,Клавиатура KeyMaster RGB,"Цена завышена, ожидала большего, функциональность неудобная. Особенно заметно: поломка, царапина.",1,2026-04-03,0,негативный,2,0,0.042705188959705084,0.0071102071528273665
R0069,U043,P002,Ноутбук VectorBook 14,"Обычный товар, в целом работает, но без сильных преимуществ. Особенно заметно: выгодно, но возврат.",3,2026-02-12,0,негативный,1,6,-0.0001498659141630217,-0.0583035523089921
R0070,U027,P011,Планшет TabLine 10,"Товар понравился, всё подключилось без проблем, инструкция [NAME]. Особенно заметно: надежно, удобно.",4,2026-02-11,1,позитивный,3,4,-0.5439130040363147,-0.2826545714743232
R0071,U043,P007,Электрочайник GlassHeat,"Не рекомендую, устройство шумит, иногда зависает и плохо работает. Особенно заметно: возврат, царапина.",2,2026-02-18,0,негативный,2,9,0.09322523730961356,-0.01726293182754793
R0072,U001,P009,Клавиатура KeyMaster RGB,"Покупка удачная, устройство тихое, красивое и надежное. Особенно заметно: качественно, приятно.",4,2026-02-08,1,позитивный,2,10,0.5529832960274148,-0.12280844555383921
R0073,U029,P008,Игровая мышь CyberClick,"Сервис магазина порадовал, товар новый, без дефектов и царапин. Особенно заметно: надежно, качественно.",5,2026-03-28,1,позитивный,0,14,-0.20545119876244555,0.0994685267263412
R0074,U019,P002,Ноутбук VectorBook 14,"Покупка средняя, ожидания [NAME] оправдались. Особенно заметно: удобно, но царапина.",3,2026-03-07,0,негативный,1,7,0.21964330821823153,-0.23512349581119435
R0075,U020,P011,Планшет TabLine 10,"Не рекомендую, устройство шумит, иногда зависает и плохо работает. Особенно заметно: брак, неудобно.",2,2026-01-29,0,негативный,2,9,0.09402528353844464,-0.015520439568055414
R0076,U031,P004,Умные часы FitTime Pro,"Доставка задержалась, коробка была мятая, впечатление испорчено. Особенно заметно: неудобно, царапина.",2,2026-03-20,0,негативный,2,18,0.0547514373790809,0.010739029559175033
R0077,U037,P011,Планшет TabLine 10,"Можно пользоваться, но качество не идеальное. Особенно заметно: стильно, но медленно.",3,2026-01-25,0,негативный,1,22,0.07642999804775262,-0.05294098021435948
R0078,U010,P004,Умные часы FitTime Pro,"Обычный товар, в целом работает, но без сильных преимуществ. Особенно заметно: аккуратно, но царапина.",3,2026-03-25,0,негативный,1,6,-9.633302951113072e-05,-0.0390635471517182
R0079,U045,P003,Беспроводные наушники SonicPods,"Работает лучше предыдущей модели, батарея [NAME] долго, впечатления [NAME]. Особенно заметно: приятно, аккуратно.",4,2026-03-08,1,позитивный,3,15,-0.27971378800044394,-0.3036303994536135
R0080,U030,P002,Ноутбук VectorBook 14,"Плохой опыт, после недели использования [NAME] неисправность. Особенно заметно: поломка, медленно.",2,2026-01-18,0,негативный,2,1,0.02253375478078838,-0.03755022118365776
R0081,U040,P008,Игровая мышь CyberClick,"Можно пользоваться, но качество не идеальное. Особенно заметно: стильно, но задержка.",3,2026-04-15,0,негативный,1,22,0.07340890805680529,-0.04985843505940061
R0082,U031,P012,Роутер HomeNet AX,"Хорошая [NAME], приятный дизайн, цена полностью оправдана. Особенно заметно: выгодно, аккуратно.",5,2026-02-27,1,позитивный,2,2,-0.018250990710498908,-0.020202722017294488
R0083,U032,P009,Клавиатура KeyMaster RGB,"Сервис магазина порадовал, товар новый, без дефектов и царапин. Особенно заметно: удобно, качественно.",5,2026-03-22,1,позитивный,0,14,-0.187956142809604,0.09904756940536326
R0084,U016,P005,Пылесос CleanBot Mini,"Работает лучше предыдущей модели, батарея [NAME] долго, впечатления [NAME]. Особенно заметно: удобно, стильно.",4,2026-02-04,1,позитивный,3,15,-0.2791477453045162,-0.3299420239983636
R0085,U015,P003,Беспроводные наушники SonicPods,"Хорошая [NAME], приятный дизайн, цена полностью оправдана. Особенно заметно: удобно, приятно.",4,2026-02-19,1,позитивный,2,2,0.010507257810724467,-0.02866063670593239
R0086,U022,P007,Электрочайник GlassHeat,"Обычный товар, в целом работает, но без сильных преимуществ. Особенно заметно: приятно, но медленно.",3,2026-03-11,0,негативный,1,6,0.016496902384714896,-0.06060978742041351
R0087,U038,P007,Электрочайник GlassHeat,"Очень довольна заказом, товар соответствует описанию и фото. Особенно заметно: аккуратно, приятно.",5,2026-03-31,1,позитивный,3,16,-0.12478612621169538,0.7239325789854264
R0088,U023,P001,Смартфон Aurora X1,"Можно пользоваться, но качество не идеальное. Особенно заметно: приятно, но неудобно.",3,2026-02-08,0,негативный,1,22,0.08843921391333864,-0.03739051324567952
R0089,U018,P004,Умные часы FitTime Pro,"Покупка удачная, устройство тихое, красивое и надежное. Особенно заметно: качественно, стильно. Меня зовут [NAME], телефон [PHONE].",4,2026-02-25,1,позитивный,2,10,0.3607303687478917,-0.11333635414560418
R0090,U040,P003,Беспроводные наушники SonicPods,"Покупка удачная, устройство тихое, красивое и надежное. Особенно заметно: быстро, стильно.",5,2026-03-10,1,позитивный,2,10,0.5378622615055315,-0.11451417159713546
R0091,U028,P011,Планшет TabLine 10,"Не рекомендую, устройство шумит, иногда зависает и плохо работает. Особенно заметно: брак, задержка.",2,2026-01-18,0,негативный,2,9,0.09101095424351992,-0.0155507595495262
R0092,U021,P007,Электрочайник GlassHeat,"Покупка средняя, ожидания [NAME] оправдались. Особенно заметно: аккуратно, но возврат.",3,2026-01-28,0,негативный,1,7,0.19187009732702992,-0.19259318330248829
R0093,U017,P007,Электрочайник GlassHeat,"Отличный товар, работает быстро и стабильно, покупкой довольна. Особенно заметно: быстро, надежно.",5,2026-04-17,1,позитивный,3,21,-0.02573018933487534,0.16533866230032596
R0094,U042,P004,Умные часы FitTime Pro,"Товар разочаровал, качество слабое, появились проблемы уже в первый день. Особенно заметно: брак, шум.",2,2026-01-09,0,негативный,2,12,0.021738949824544104,0.022808185427801057
R0095,U002,P004,Умные часы FitTime Pro,"Очень удобная [NAME], пользуюсь каждый день, рекомендую к покупке. Особенно заметно: стильно, качественно.",5,2026-03-21,1,позитивный,2,11,-0.05059562736051792,0.04963102319178961
R0096,U037,P002,Ноутбук VectorBook 14,"Товар понравился, всё подключилось без проблем, инструкция [NAME]. Особенно заметно: качественно, удобно.",4,2026-01-28,1,позитивный,3,4,-0.5527930415365593,-0.2833638872940024
R0097,U039,P010,Монитор VisionView 27,"Очень удобная [NAME], пользуюсь каждый день, рекомендую к покупке. Особенно заметно: выгодно, быстро.",4,2026-04-06,1,позитивный,2,11,-0.03827416274098412,0.07595967916504429
R0098,U002,P010,Монитор VisionView 27,"Покупка удачная, устройство тихое, красивое и надежное. Особенно заметно: аккуратно, качественно.",4,2026-02-09,1,позитивный,2,10,0.5242631520089888,-0.10604848897732796
R0099,U005,P004,Умные часы FitTime Pro,"Нормально за свою цену, есть плюсы и минусы. Особенно заметно: удобно, но возврат.",3,2026-03-17,0,негативный,1,3,0.09847622159942208,-0.042536791015982726
R0100,U039,P011,Планшет TabLine 10,"Очень довольна заказом, товар соответствует описанию и фото. Особенно заметно: быстро, надежно.",5,2026-04-14,1,позитивный,3,16,-0.1203705770318942,0.7364226190261429
R0101,U028,P009,Клавиатура KeyMaster RGB,"Работает лучше предыдущей модели, батарея [NAME] долго, впечатления [NAME]. Особенно заметно: качественно, быстро.",4,2026-03-26,1,позитивный,3,15,-0.27633102115801994,-0.29945105186539583
R0102,U032,P007,Электрочайник GlassHeat,"Покупка средняя, ожидания [NAME] оправдались. Особенно заметно: стильно, но задержка.",3,2026-01-14,0,негативный,1,7,0.1901533017949491,-0.22961904922006232
R0103,U012,P007,Электрочайник GlassHeat,"Покупка средняя, ожидания [NAME] оправдались. Особенно заметно: стильно, но неудобно.",3,2026-04-04,0,негативный,1,7,0.19043145545383988,-0.2294118738651321
R0104,U038,P007,Электрочайник GlassHeat,"Хорошая [NAME], приятный дизайн, цена полностью оправдана. Особенно заметно: удобно, надежно.",4,2026-02-04,1,позитивный,2,2,0.000917380113295384,-0.028718547499654468
R0105,U016,P008,Игровая мышь CyberClick,"Очень довольна заказом, товар соответствует описанию и фото. Особенно заметно: аккуратно, надежно.",4,2026-04-07,1,позитивный,3,16,-0.137077604356468,0.7194885595146082
R0106,U032,P001,Смартфон Aurora X1,"Сервис магазина порадовал, товар новый, без дефектов и царапин. Особенно заметно: приятно, надежно.",5,2026-04-19,1,позитивный,0,14,-0.20083877060179692,0.11004184383895828
R0107,U022,P005,Пылесос CleanBot Mini,"Пришёл брак, пришлось писать в поддержку и оформлять возврат. Особенно заметно: брак, возврат.",1,2026-02-05,0,негативный,2,13,0.046863423818522994,0.0028167669122386553
R0108,U006,P004,Умные часы FitTime Pro,"Можно пользоваться, но качество не идеальное. Особенно заметно: приятно, но неудобно.",3,2026-01-31,0,негативный,1,22,0.08843921391333864,-0.03739051324567952
R0109,U032,P011,Планшет TabLine 10,"Доставка задержалась, коробка была мятая, впечатление испорчено. Особенно заметно: возврат, шум.",2,2026-02-27,0,негативный,2,18,0.05669200690811347,0.007366393540139068
R0110,U045,P007,Электрочайник GlassHeat,"Очень довольна заказом, товар соответствует описанию и фото. Особенно заметно: качественно, приятно.",4,2026-02-01,1,позитивный,3,16,-0.11031528557587038,0.716586534211301
R0111,U034,P009,Клавиатура KeyMaster RGB,"Работает лучше предыдущей модели, батарея [NAME] долго, впечатления [NAME]. Особенно заметно: качественно, надежно.",4,2026-02-14,1,позитивный,3,15,-0.2909352411600314,-0.3030245023022221
R0112,U030,P012,Роутер HomeNet AX,"Хорошая [NAME], приятный дизайн, цена полностью оправдана. Особенно заметно: удобно, качественно.",4,2026-02-04,1,позитивный,2,2,0.0013470853463967663,-0.029772353656410438
R0113,U021,P004,Умные часы FitTime Pro,"Не рекомендую, устройство шумит, иногда зависает и плохо работает. Особенно заметно: царапина, шум.",2,2026-01-16,0,негативный,2,9,0.09692329713894432,-0.019880021171311116
R0114,U031,P012,Роутер HomeNet AX,"Покупка средняя, ожидания [NAME] оправдались. Особенно заметно: удобно, но царапина.",3,2026-02-05,0,негативный,1,7,0.21964330821823153,-0.23512349581119435
R0115,U015,P005,Пылесос CleanBot Mini,"Отличный товар, работает быстро и стабильно, покупкой довольна. Особенно заметно: надежно, стильно.",5,2026-02-16,1,позитивный,3,21,-0.04235088908457849,0.12090243936644474
R0116,U004,P001,Смартфон Aurora X1,"Очень удобная [NAME], пользуюсь каждый день, рекомендую к покупке. Особенно заметно: стильно, быстро.",5,2026-03-12,1,позитивный,2,11,-0.037996385370490396,0.06406377827616061
R0117,U037,P001,Смартфон Aurora X1,"Сервис магазина порадовал, товар новый, без дефектов и царапин. Особенно заметно: качественно, удобно.",4,2026-02-06,1,позитивный,0,14,-0.20306235468121067,0.10211214952100049
R0118,U017,P001,Смартфон Aurora X1,"Качество выше ожиданий, упаковка аккуратная, доставка пришла вовремя. Особенно заметно: аккуратно, приятно.",4,2026-04-21,1,позитивный,2,19,0.05117863424866181,0.07580361696148209
R0119,U037,P002,Ноутбук VectorBook 14,"Нормально за свою цену, есть плюсы и минусы. Особенно заметно: надежно, но возврат.",3,2026-03-22,0,негативный,1,3,0.07926642667983126,-0.03428691844194943
R0120,U016,P002,Ноутбук VectorBook 14,"Можно пользоваться, но качество не идеальное. Особенно заметно: приятно, но медленно.",3,2026-01-16,0,негативный,1,22,0.09259037005660277,-0.042346916941392254
R0121,U029,P008,Игровая мышь CyberClick,"Описание на сайте красивое, но в реальности товар заметно хуже. Особенно заметно: возврат, неудобно.",2,2026-02-08,0,негативный,2,20,0.07823671714194713,-0.003737422176309534
R0122,U004,P010,Монитор VisionView 27,"Доставка задержалась, коробка была мятая, впечатление испорчено. Особенно заметно: царапина, поломка.",1,2026-03-20,0,негативный,2,18,0.054443237221242544,0.010768419773756942
R0123,U017,P004,Умные часы FitTime Pro,"Хорошая [NAME], приятный дизайн, цена полностью оправдана. Особенно заметно: надежно, выгодно.",5,2026-03-26,1,позитивный,2,2,-0.01801936146172438,-0.02947260057437862
R0124,U011,P002,Ноутбук VectorBook 14,"Очень довольна заказом, товар соответствует описанию и фото. Особенно заметно: стильно, надежно.",4,2026-01-01,1,позитивный,3,16,-0.1383422483845259,0.6876824855175002
R0125,U015,P001,Смартфон Aurora X1,"Сервис магазина порадовал, товар новый, без дефектов и царапин. Особенно заметно: удобно, качественно.",4,2026-02-06,1,позитивный,0,14,-0.187956142809604,0.09904756940536326
R0126,U017,P004,Умные часы FitTime Pro,"Не подошло, работает нестабильно, интерфейс неудобный и медленный. Особенно заметно: царапина, неудобно.",2,2026-04-11,0,негативный,2,17,0.03431748674115977,-0.0044084947494392795
R0127,U035,P002,Ноутбук VectorBook 14,"Покупка средняя, ожидания [NAME] оправдались. Особенно заметно: надежно, но шум.",3,2026-01-29,0,негативный,1,7,0.19908433459145047,-0.22846364993424603
R0128,U011,P001,Смартфон Aurora X1,"Очень довольна заказом, товар соответствует описанию и фото. Особенно заметно: выгодно, приятно.",5,2026-04-12,1,позитивный,3,16,-0.1292900340305259,0.7043182529164655
R0129,U030,P002,Ноутбук VectorBook 14,"Покупка удачная, устройство тихое, красивое и надежное. Особенно заметно: выгодно, стильно.",4,2026-03-30,1,позитивный,2,10,0.5189759549952978,-0.15287093427647855
R0130,U032,P009,Клавиатура KeyMaster RGB,"Отличный товар, работает быстро и стабильно, покупкой довольна. Особенно заметно: аккуратно, качественно.",5,2026-02-26,1,позитивный,3,21,-0.03619609881933727,0.15929734573088128
R0131,U039,P006,Кофемашина AromaBarista,"Хорошая [NAME], приятный дизайн, цена полностью оправдана. Особенно заметно: быстро, аккуратно.",5,2026-02-02,1,позитивный,2,2,-0.003740425710627563,0.011433420340105305
R0132,U018,P011,Планшет TabLine 10,"Очень удобная [NAME], пользуюсь каждый день, рекомендую к покупке. Особенно заметно: стильно, выгодно.",5,2026-03-15,1,позитивный,2,11,-0.05441131709116992,0.04925709008310173
R0133,U029,P011,Планшет TabLine 10,"Очень довольна заказом, товар соответствует описанию и фото. Особенно заметно: аккуратно, качественно.",5,2026-02-05,1,позитивный,3,16,-0.12987641527103636,0.7231239362172825
R0134,U006,P008,Игровая мышь CyberClick,"За свои деньги просто супер, функциональность отличная, нареканий нет. Особенно заметно: качественно, стильно.",4,2026-03-02,1,позитивный,2,5,0.07740936471961961,0.03788989994024901
R0135,U011,P002,Ноутбук VectorBook 14,"Сервис магазина порадовал, товар новый, без дефектов и царапин. Особенно заметно: выгодно, качественно.",4,2026-02-12,1,позитивный,0,14,-0.2051247215863119,0.10391595983850577
R0136,U036,P007,Электрочайник GlassHeat,"Покупка средняя, ожидания [NAME] оправдались. Особенно заметно: выгодно, но поломка.",3,2026-01-05,0,негативный,1,7,0.18511461050224925,-0.21100446641914544
R0137,U026,P002,Ноутбук VectorBook 14,"Отличный товар, работает быстро и стабильно, покупкой довольна. Особенно заметно: стильно, приятно.",4,2026-04-21,1,позитивный,3,21,-0.029712329740435077,0.12361441932967146
R0138,U013,P001,Смартфон Aurora X1,"Сервис магазина порадовал, товар новый, без дефектов и царапин. Особенно заметно: стильно, аккуратно.",5,2026-03-08,1,позитивный,0,14,-0.21867759950382126,0.10261053686485183
R0139,U014,P001,Смартфон Aurora X1,"Товар понравился, всё подключилось без проблем, инструкция [NAME]. Особенно заметно: стильно, качественно.",4,2026-02-04,1,позитивный,3,4,-0.5573294132558353,-0.29103609121132457
R0140,U008,P008,Игровая мышь CyberClick,"Не подошло, работает нестабильно, интерфейс неудобный и медленный. Особенно заметно: царапина, поломка.",1,2026-01-04,0,негативный,2,17,0.033122422644054246,-0.003981477655000135
R0141,U020,P003,Беспроводные наушники SonicPods,"Покупка удачная, устройство тихое, красивое и надежное. Особенно заметно: удобно, стильно.",5,2026-03-12,1,позитивный,2,10,0.5535821915183905,-0.15780483633014514
R0142,U030,P002,Ноутбук VectorBook 14,"Нормально за свою цену, есть плюсы и минусы. Особенно заметно: стильно, но возврат.",3,2026-01-16,0,негативный,1,3,0.08101200686616014,-0.04594927707887453
R0143,U018,P009,Клавиатура KeyMaster RGB,"Покупкой недовольна, заряд держит мало, подключение часто пропадает. Особенно заметно: царапина, неудобно.",2,2026-02-23,0,негативный,2,8,0.05562226904597462,0.01635931169525651
R0144,U010,P009,Клавиатура KeyMaster RGB,"Очень довольна заказом, товар соответствует описанию и фото. Особенно заметно: надежно, аккуратно. Меня зовут [NAME], телефон [PHONE].",5,2026-02-19,1,позитивный,3,16,-0.1106627887923967,0.49687034400591484
R0145,U018,P009,Клавиатура KeyMaster RGB,"Товар понравился, всё подключилось без проблем, инструкция [NAME]. Особенно заметно: стильно, аккуратно.",5,2026-04-16,1,позитивный,3,4,-0.5644366753265632,-0.27785450454465904
R0146,U029,P003,Беспроводные наушники SonicPods,"За свои деньги просто супер, функциональность отличная, нареканий нет. Особенно заметно: аккуратно, приятно.",4,2026-03-10,1,позитивный,2,5,0.07457347536342375,0.06776444675501316
R0147,U013,P006,Кофемашина AromaBarista,"Покупка удачная, устройство тихое, красивое и надежное. Особенно заметно: приятно, аккуратно.",5,2026-03-31,1,позитивный,2,10,0.5350506987194649,-0.12941926962249264
R0148,U003,P007,Электрочайник GlassHeat,"Описание на сайте красивое, но в реальности товар заметно хуже. Особенно заметно: медленно, поломка.",2,2026-02-10,0,негативный,2,20,0.07766277250073962,-0.0045916668356240364
R0149,U010,P011,Планшет TabLine 10,"Не рекомендую, устройство шумит, иногда зависает и плохо работает. Особенно заметно: поломка, медленно.",1,2026-03-05,0,негативный,2,9,0.09160982975135823,-0.01646876326335168
R0150,U029,P002,Ноутбук VectorBook 14,"Сервис магазина порадовал, товар новый, без дефектов и царапин. Особенно заметно: быстро, качественно.",4,2026-01-13,1,позитивный,0,14,-0.18463000684604808,0.1268139899203932
R0151,U027,P003,Беспроводные наушники SonicPods,"Очень удобная [NAME], пользуюсь каждый день, рекомендую к покупке. Особенно заметно: удобно, приятно.",4,2026-04-22,1,позитивный,2,11,-0.015778132425203914,0.05976354930611468
R0152,U022,P005,Пылесос CleanBot Mini,"Доставка задержалась, коробка была мятая, впечатление испорчено. Особенно заметно: поломка, медленно.",2,2026-03-21,0,негативный,2,18,0.053931624610327654,0.010196217571434454
R0153,U035,P011,Планшет TabLine 10,"Покупкой недовольна, заряд держит мало, подключение часто пропадает. Особенно заметно: брак, возврат.",1,2026-02-18,0,негативный,2,8,0.05492995460049437,0.01700280647919098
R0154,U016,P002,Ноутбук VectorBook 14,"Покупка средняя, ожидания [NAME] оправдались. Особенно заметно: приятно, но шум.",3,2026-03-22,0,негативный,1,7,0.22439978490755078,-0.23457372003518787
R0155,U007,P007,Электрочайник GlassHeat,"Доставка задержалась, коробка была мятая, впечатление испорчено. Особенно заметно: неудобно, шум.",2,2026-04-08,0,негативный,2,18,0.05542243888686302,0.00859934076460582
R0156,U020,P012,Роутер HomeNet AX,"За свои деньги просто супер, функциональность отличная, нареканий нет. Особенно заметно: быстро, надежно.",5,2026-04-26,1,позитивный,2,5,0.07890092079467745,0.07577923049144895
R0157,U024,P006,Кофемашина AromaBarista,"Работает лучше предыдущей модели, батарея [NAME] долго, впечатления [NAME]. Особенно заметно: аккуратно, выгодно.",5,2026-02-25,1,позитивный,3,15,-0.30973327544369483,-0.29119521930553977
R0158,U012,P011,Планшет TabLine 10,"Очень довольна заказом, товар соответствует описанию и фото. Особенно заметно: аккуратно, выгодно.",5,2026-01-22,1,позитивный,3,16,-0.14852556816212434,0.7251726241097041
R0159,U016,P011,Планшет TabLine 10,"Не рекомендую, устройство шумит, иногда зависает и плохо работает. Особенно заметно: царапина, неудобно.",1,2026-03-05,0,негативный,2,9,0.09331197204709238,-0.01621640611728151
R0160,U017,P011,Планшет TabLine 10,"Отличный товар, работает быстро и стабильно, покупкой довольна. Особенно заметно: стильно, надежно.",5,2026-02-28,1,позитивный,3,21,-0.04477975854132876,0.1299489464750913
R0161,U035,P011,Планшет TabLine 10,"За свои деньги просто супер, функциональность отличная, нареканий нет. Особенно заметно: выгодно, качественно.",5,2026-01-21,1,позитивный,2,5,0.06800350057891753,0.043129424206321654
R0162,U045,P007,Электрочайник GlassHeat,"Покупка средняя, ожидания [NAME] оправдались. Особенно заметно: приятно, но медленно.",3,2026-02-02,0,негативный,1,7,0.21691836813545215,-0.22503016319434063
R0163,U007,P008,Игровая мышь CyberClick,"За свои деньги просто супер, функциональность отличная, нареканий нет. Особенно заметно: выгодно, качественно.",4,2026-01-31,1,позитивный,2,5,0.06800350057891753,0.043129424206321654
R0164,U002,P005,Пылесос CleanBot Mini,"Пришёл брак, пришлось писать в поддержку и оформлять возврат. Особенно заметно: брак, возврат.",2,2026-04-17,0,негативный,2,13,0.046863423818522994,0.0028167669122386553
R0165,U004,P011,Планшет TabLine 10,"Пришёл брак, пришлось писать в поддержку и оформлять возврат. Особенно заметно: царапина, возврат.",2,2026-03-19,0,негативный,2,13,0.04976836637844079,0.0010127681222739425
R0166,U015,P006,Кофемашина AromaBarista,"Товар понравился, всё подключилось без проблем, инструкция [NAME]. Особенно заметно: надежно, качественно.",5,2026-03-23,1,позитивный,3,4,-0.54303829946882,-0.2731365271997096
R0167,U041,P002,Ноутбук VectorBook 14,"Сервис магазина порадовал, товар новый, без дефектов и царапин. Особенно заметно: быстро, выгодно.",5,2026-03-24,1,позитивный,0,14,-0.18820999717539522,0.12970674145045546
R0168,U009,P006,Кофемашина AromaBarista,"Пластик дешевый, сборка хлипкая, товар не стоит своих денег. Особенно заметно: медленно, шум.",1,2026-01-12,0,негативный,2,23,0.03222925731612379,0.02230318014378034
R0169,U009,P004,Умные часы FitTime Pro,"За свои деньги просто супер, функциональность отличная, нареканий нет. Особенно заметно: выгодно, аккуратно.",4,2026-04-11,1,позитивный,2,5,0.06585203010583451,0.04695735176625593
R0170,U017,P003,Беспроводные наушники SonicPods,"Пришёл брак, пришлось писать в поддержку и оформлять возврат. Особенно заметно: поломка, медленно. Свяжитесь со мной по номеру [PHONE].",1,2026-04-16,0,негативный,2,-1,0.0410236330969525,0.004992644395195803
R0171,U015,P003,Беспроводные наушники SonicPods,"Покупка удачная, устройство тихое, красивое и надежное. Особенно заметно: качественно, быстро.",4,2026-04-21,1,позитивный,2,10,0.5481956459383591,-0.12296648084894982
R0172,U001,P007,Электрочайник GlassHeat,"Можно пользоваться, но качество не идеальное. Особенно заметно: качественно, но возврат.",3,2026-02-03,0,негативный,1,22,0.0813590207980573,-0.03265930905205993
R0173,U025,P010,Монитор VisionView 27,"За свои деньги просто супер, функциональность отличная, нареканий нет. Особенно заметно: удобно, качественно.",4,2026-04-16,1,позитивный,2,5,0.08468878690988729,0.03845120742665567
R0174,U031,P004,Умные часы FitTime Pro,"Покупка средняя, ожидания [NAME] оправдались. Особенно заметно: приятно, но шум.",3,2026-01-04,0,негативный,1,7,0.22439978490755078,-0.23457372003518787
R0175,U030,P011,Планшет TabLine 10,"Покупка удачная, устройство тихое, красивое и надежное. Особенно заметно: удобно, стильно.",4,2026-03-31,1,позитивный,2,10,0.5535821915183905,-0.15780483633014514
R0176,U003,P001,Смартфон Aurora X1,"Доставка задержалась, коробка была мятая, впечатление испорчено. Особенно заметно: шум, неудобно.",1,2026-02-08,0,негативный,2,18,0.055421888035570355,0.008132682973240973
R0177,U009,P009,Клавиатура KeyMaster RGB,"Работает лучше предыдущей модели, батарея [NAME] долго, впечатления [NAME]. Особенно заметно: аккуратно, выгодно.",4,2026-02-19,1,позитивный,3,15,-0.30973327544369483,-0.29119521930553977
R0178,U010,P012,Роутер HomeNet AX,"Качество выше ожиданий, упаковка аккуратная, доставка пришла вовремя. Особенно заметно: стильно, выгодно.",4,2026-04-24,1,позитивный,2,19,0.033016415720505295,0.0363086680241856
R0179,U018,P007,Электрочайник GlassHeat,"Цена завышена, ожидала большего, функциональность неудобная. Особенно заметно: неудобно, царапина.",2,2026-01-05,0,негативный,2,0,0.04425849489609788,0.006935302100954048
R0180,U024,P004,Умные часы FitTime Pro,"Пластик дешевый, сборка хлипкая, товар не стоит своих денег. Особенно заметно: поломка, брак.",1,2026-01-13,0,негативный,2,23,0.02822109936193787,0.02768167062919858
R0181,U018,P007,Электрочайник GlassHeat,"Покупкой недовольна, заряд держит мало, подключение часто пропадает. Особенно заметно: шум, поломка.",1,2026-01-25,0,негативный,2,8,0.054641396951398455,0.014777615376163698
R0182,U042,P004,Умные часы FitTime Pro,"Обычный товар, в целом работает, но без сильных преимуществ. Особенно заметно: быстро, но поломка.",3,2026-03-23,0,негативный,1,6,0.01214992403133189,-0.03153670684830404
R0183,U009,P004,Умные часы FitTime Pro,"Обычный товар, в целом работает, но без сильных преимуществ. Особенно заметно: приятно, но царапина.",3,2026-04-11,0,негативный,1,6,0.016427832456681248,-0.06099118462266515
R0184,U022,P004,Умные часы FitTime Pro,"Очень довольна заказом, товар соответствует описанию и фото. Особенно заметно: быстро, надежно.",5,2026-04-10,1,позитивный,3,16,-0.1203705770318942,0.7364226190261429
R0185,U009,P003,Беспроводные наушники SonicPods,"Очень удобная [NAME], пользуюсь каждый день, рекомендую к покупке. Особенно заметно: удобно, качественно.",5,2026-03-11,1,позитивный,2,11,-0.025061689276249625,0.05874904708172177
R0186,U009,P001,Смартфон Aurora X1,"Хорошая [NAME], приятный дизайн, цена полностью оправдана. Особенно заметно: качественно, быстро.",5,2026-01-02,1,позитивный,2,2,0.004222552681825498,-0.012767507938180203
R0187,U017,P003,Беспроводные наушники SonicPods,"Покупка удачная, устройство тихое, красивое и надежное. Особенно заметно: удобно, качественно.",5,2026-01-07,1,позитивный,2,10,0.5507200482330695,-0.14454551656055642
R0188,U031,P002,Ноутбук VectorBook 14,"Плохой опыт, после недели использования [NAME] неисправность. Особенно заметно: шум, царапина.",2,2026-02-27,0,негативный,2,1,0.025554873217095556,-0.04365184202432881
R0189,U015,P009,Клавиатура KeyMaster RGB,"Работает лучше предыдущей модели, батарея [NAME] долго, впечатления [NAME]. Особенно заметно: выгодно, приятно.",5,2026-03-20,1,позитивный,3,15,-0.29245662708461734,-0.3085602872741572
R0190,U002,P011,Планшет TabLine 10,"Описание на сайте красивое, но в реальности товар заметно хуже. Особенно заметно: медленно, поломка.",1,2026-01-08,0,негативный,2,20,0.07766277250073962,-0.0045916668356240364
R0191,U032,P002,Ноутбук VectorBook 14,"Доставка задержалась, коробка была мятая, впечатление испорчено. Особенно заметно: шум, задержка.",1,2026-04-02,0,негативный,2,18,0.056850911424560405,0.0069075260242177465
R0192,U010,P010,Монитор VisionView 27,"Очень довольна заказом, товар соответствует описанию и фото. Особенно заметно: качественно, приятно.",5,2026-01-09,1,позитивный,3,16,-0.11031528557587038,0.716586534211301
R0193,U034,P010,Монитор VisionView 27,"Очень довольна заказом, товар соответствует описанию и фото. Особенно заметно: аккуратно, быстро.",4,2026-02-07,1,позитивный,3,16,-0.1355020296439256,0.7740904889671729
R0194,U008,P012,Роутер HomeNet AX,"Нормально за свою цену, есть плюсы и минусы. Особенно заметно: аккуратно, но неудобно.",3,2026-04-20,0,негативный,1,3,0.0759030811003337,-0.011302805778405976
R0195,U027,P004,Умные часы FitTime Pro,"Описание на сайте красивое, но в реальности товар заметно хуже. Особенно заметно: медленно, поломка.",2,2026-02-13,0,негативный,2,20,0.07766277250073962,-0.0045916668356240364
R0196,U021,P002,Ноутбук VectorBook 14,"Товар понравился, всё подключилось без проблем, инструкция [NAME]. Особенно заметно: качественно, удобно.",4,2026-02-24,1,позитивный,3,4,-0.5527930415365593,-0.2833638872940024
R0197,U031,P011,Планшет TabLine 10,"Качество выше ожиданий, упаковка аккуратная, доставка пришла вовремя. Особенно заметно: удобно, приятно.",5,2026-01-09,1,позитивный,2,19,0.07027108483187346,0.04641317383079754
R0198,U024,P002,Ноутбук VectorBook 14,"Отличный товар, работает быстро и стабильно, покупкой довольна. Особенно заметно: качественно, стильно.",5,2026-04-14,1,позитивный,3,21,-0.029614052372538696,0.12833962534474067
R0199,U027,P002,Ноутбук VectorBook 14,"Описание на сайте красивое, но в реальности товар заметно хуже. Особенно заметно: брак, задержка.",2,2026-02-15,0,негативный,2,20,0.07789298368404873,-0.00379975930105336
R0200,U020,P010,Монитор VisionView 27,"Работает лучше предыдущей модели, батарея [NAME] долго, впечатления [NAME]. Особенно заметно: приятно, удобно.",5,2026-02-15,1,позитивный,3,15,-0.27699715644302336,-0.3157941701973742
R0201,U031,P011,Планшет TabLine 10,"Пластик дешевый, сборка хлипкая, товар не стоит своих денег. Особенно заметно: поломка, брак.",2,2026-01-29,0,негативный,2,23,0.02822109936193787,0.02768167062919858
R0202,U037,P005,Пылесос CleanBot Mini,"Плохой опыт, после недели использования [NAME] неисправность. Особенно заметно: брак, возврат.",2,2026-01-29,0,негативный,2,1,0.023648358417258767,-0.036787286524946894
R0203,U045,P011,Планшет TabLine 10,"Товар понравился, всё подключилось без проблем, инструкция [NAME]. Особенно заметно: выгодно, надежно.",5,2026-02-04,1,позитивный,3,4,-0.5499967041858607,-0.27471820824864657
R0204,U001,P006,Кофемашина AromaBarista,"Не подошло, работает нестабильно, интерфейс неудобный и медленный. Особенно заметно: медленно, брак.",2,2026-01-24,0,негативный,2,17,0.0328876349112735,-0.004922733018522906
R0205,U041,P003,Беспроводные наушники SonicPods,"Работает лучше предыдущей модели, батарея [NAME] долго, впечатления [NAME]. Особенно заметно: приятно, стильно. Меня зовут [NAME], телефон [PHONE].",5,2026-01-04,1,позитивный,3,15,-0.21083081633150524,-0.2461957927451309
R0206,U020,P006,Кофемашина AromaBarista,"Очень довольна заказом, товар соответствует описанию и фото. Особенно заметно: удобно, быстро.",4,2026-04-03,1,позитивный,3,16,-0.11042171045421144,0.7084633837482273
R0207,U011,P003,Беспроводные наушники SonicPods,"Качество выше ожиданий, упаковка аккуратная, доставка пришла вовремя. Особенно заметно: выгодно, приятно.",4,2026-04-07,1,позитивный,2,19,0.04877984471836458,0.05321872348993445
R0208,U028,P011,Планшет TabLine 10,"Можно пользоваться, но качество не идеальное. Особенно заметно: выгодно, но царапина.",3,2026-03-04,0,негативный,1,22,0.07616360172061161,-0.04231481970102743
R0209,U008,P009,Клавиатура KeyMaster RGB,"Товар понравился, всё подключилось без проблем, инструкция [NAME]. Особенно заметно: стильно, выгодно.",4,2026-02-14,1,позитивный,3,4,-0.5657004168066124,-0.2942563605667849
R0210,U020,P011,Планшет TabLine 10,"Очень довольна заказом, товар соответствует описанию и фото. Особенно заметно: быстро, стильно.",5,2026-01-06,1,позитивный,3,16,-0.11371190175023553,0.7110905683930774
R0211,U020,P004,Умные часы FitTime Pro,"Пришёл брак, пришлось писать в поддержку и оформлять возврат. Особенно заметно: возврат, задержка.",2,2026-01-28,0,негативный,2,13,0.04788558893375732,0.0012789883874116759
R0212,U001,P002,Ноутбук VectorBook 14,"Не рекомендую, устройство шумит, иногда зависает и плохо работает. Особенно заметно: задержка, царапина.",2,2026-03-05,0,негативный,2,9,0.09300522064043656,-0.017782265942874978
R0213,U015,P009,Клавиатура KeyMaster RGB,"Покупка средняя, ожидания [NAME] оправдались. Особенно заметно: удобно, но медленно.",3,2026-03-06,0,негативный,1,7,0.21885982838491444,-0.2338333337839477
R0214,U003,P012,Роутер HomeNet AX,"Качество выше ожиданий, упаковка аккуратная, доставка пришла вовремя. Особенно заметно: качественно, выгодно.",5,2026-02-25,1,позитивный,2,19,0.04941807103640232,0.0542485568690395
R0215,U037,P007,Электрочайник GlassHeat,"Описание на сайте красивое, но в реальности товар заметно хуже. Особенно заметно: возврат, брак.",2,2026-02-21,0,негативный,2,20,0.07834914937054717,-0.0035082237847333716
R0216,U002,P007,Электрочайник GlassHeat,"Очень довольна заказом, товар соответствует описанию и фото. Особенно заметно: стильно, аккуратно.",5,2026-02-11,1,позитивный,3,16,-0.14985164601902967,0.698471288414827
R0217,U024,P012,Роутер HomeNet AX,"Качество выше ожиданий, упаковка аккуратная, доставка пришла вовремя. Особенно заметно: приятно, стильно.",4,2026-01-12,1,позитивный,2,19,0.05815881620275129,0.04151887682003724
R0218,U026,P010,Монитор VisionView 27,"Товар понравился, всё подключилось без проблем, инструкция [NAME]. Особенно заметно: качественно, удобно.",5,2026-03-09,1,позитивный,3,4,-0.5527930415365593,-0.2833638872940024
R0219,U011,P006,Кофемашина AromaBarista,"Качество выше ожиданий, упаковка аккуратная, доставка пришла вовремя. Особенно заметно: приятно, аккуратно.",4,2026-01-10,1,позитивный,2,19,0.05776552932516725,0.05444098223030099
R0220,U023,P006,Кофемашина AromaBarista,"Не рекомендую, устройство шумит, иногда зависает и плохо работает. Особенно заметно: царапина, брак.",1,2026-04-04,0,негативный,2,9,0.09398465013698679,-0.01612277331286212
R0221,U017,P003,Беспроводные наушники SonicPods,"Очень удобная [NAME], пользуюсь каждый день, рекомендую к покупке. Особенно заметно: удобно, стильно.",5,2026-01-26,1,позитивный,2,11,-0.022751850823061668,0.04758660187170522
R0222,U032,P011,Планшет TabLine 10,"Не подошло, работает нестабильно, интерфейс неудобный и медленный. Особенно заметно: неудобно, поломка.",2,2026-03-01,0,негативный,2,17,0.031117093817526736,-0.002239325784995017
R0223,U042,P010,Монитор VisionView 27,"Пластик дешевый, сборка хлипкая, товар не стоит своих денег. Особенно заметно: поломка, шум.",1,2026-03-23,0,негативный,2,23,0.03046385536634514,0.025016690477639488
R0224,U005,P008,Игровая мышь CyberClick,"Товар понравился, всё подключилось без проблем, инструкция [NAME]. Особенно заметно: выгодно, стильно.",4,2026-03-02,1,позитивный,3,4,-0.5484142315212258,-0.2906708480828504
R0225,U023,P001,Смартфон Aurora X1,"Сервис магазина порадовал, товар новый, без дефектов и царапин. Особенно заметно: стильно, быстро.",5,2026-03-06,1,позитивный,0,14,-0.2011053915726102,0.104470489678224
R0226,U024,P001,Смартфон Aurora X1,"Качество выше ожиданий, упаковка аккуратная, доставка пришла вовремя. Особенно заметно: аккуратно, приятно.",5,2026-04-17,1,позитивный,2,19,0.05117863424866181,0.07580361696148209
R0227,U036,P010,Монитор VisionView 27,"Обычный товар, в целом работает, но без сильных преимуществ. Особенно заметно: стильно, но царапина.",3,2026-04-12,0,негативный,1,6,0.0005574807533068038,-0.07136034320060655
R0228,U039,P006,Кофемашина AromaBarista,"Отличный товар, работает быстро и стабильно, покупкой довольна. Особенно заметно: стильно, быстро.",4,2026-03-02,1,позитивный,3,21,-0.03358675845274154,0.130798974455143
R0229,U006,P006,Кофемашина AromaBarista,"Обычный товар, в целом работает, но без сильных преимуществ. Особенно заметно: приятно, но неудобно.",3,2026-03-06,0,негативный,1,6,0.013144592678431781,-0.05562635205678214
R0230,U034,P008,Игровая мышь CyberClick,"Покупка средняя, ожидания [NAME] оправдались. Особенно заметно: качественно, но возврат.",3,2026-03-08,0,негативный,1,7,0.2010672170773437,-0.2102705256582656
R0231,U027,P007,Электрочайник GlassHeat,"Очень довольна заказом, товар соответствует описанию и фото. Особенно заметно: быстро, аккуратно.",4,2026-04-10,1,позитивный,3,16,-0.1179873162790269,0.7244703423704194
R0232,U042,P011,Планшет TabLine 10,"Качество выше ожиданий, упаковка аккуратная, доставка пришла вовремя. Особенно заметно: аккуратно, надежно.",5,2026-02-12,1,позитивный,2,19,0.03930329646560059,0.07670570821174628
R0233,U043,P005,Пылесос CleanBot Mini,"Пластик дешевый, сборка хлипкая, товар не стоит своих денег. Особенно заметно: шум, возврат.",1,2026-03-19,0,негативный,2,23,0.03227586288314996,0.022853878026777436
R0234,U010,P011,Планшет TabLine 10,"Покупка удачная, устройство тихое, красивое и надежное. Особенно заметно: надежно, выгодно.",4,2026-02-14,1,позитивный,2,10,0.5120944942960002,-0.14073353470845532
R0235,U006,P012,Роутер HomeNet AX,"Покупка средняя, ожидания [NAME] оправдались. Особенно заметно: надежно, но шум.",3,2026-02-09,0,негативный,1,7,0.19908433459145047,-0.22846364993424603
R0236,U043,P011,Планшет TabLine 10,"Отличный товар, работает быстро и стабильно, покупкой довольна. Особенно заметно: качественно, надежно.",4,2026-02-24,1,позитивный,3,21,-0.03540627249368056,0.13916719361573676
R0237,U014,P003,Беспроводные наушники SonicPods,"Покупкой недовольна, заряд держит мало, подключение часто пропадает. Особенно заметно: царапина, шум.",1,2026-02-13,0,негативный,2,8,0.05874477985662793,0.013121418344337285
R0238,U010,P003,Беспроводные наушники SonicPods,"Качество выше ожиданий, упаковка аккуратная, доставка пришла вовремя. Особенно заметно: быстро, качественно.",5,2026-01-10,1,позитивный,2,19,0.05916268686520559,0.0727552053369575
R0239,U040,P006,Кофемашина AromaBarista,"Нормально за свою цену, есть плюсы и минусы. Особенно заметно: надежно, но задержка.",3,2026-01-17,0,негативный,1,3,0.07703732375802237,-0.03355369095076864
R0240,U040,P012,Роутер HomeNet AX,"Покупкой недовольна, заряд держит мало, подключение часто пропадает. Особенно заметно: брак, царапина.",1,2026-04-14,0,негативный,2,8,0.05532463081192878,0.016574990622236687
R0241,U044,P006,Кофемашина AromaBarista,"Сервис магазина порадовал, товар новый, без дефектов и царапин. Особенно заметно: выгодно, аккуратно.",5,2026-04-03,1,позитивный,0,14,-0.20682082389850676,0.10799458995065177
R0242,U029,P012,Роутер HomeNet AX,"Товар понравился, всё подключилось без проблем, инструкция [NAME]. Особенно заметно: стильно, аккуратно.",4,2026-01-30,1,позитивный,3,4,-0.5644366753265632,-0.27785450454465904
R0243,U024,P004,Умные часы FitTime Pro,"Покупкой недовольна, заряд держит мало, подключение часто пропадает. Особенно заметно: неудобно, медленно.",1,2026-03-28,0,негативный,2,8,0.053834158929933235,0.016180846398874855
R0244,U025,P005,Пылесос CleanBot Mini,"Нормально за свою цену, есть плюсы и минусы. Особенно заметно: приятно, но задержка.",3,2026-03-06,0,негативный,1,3,0.09426340001460135,-0.03473258182143107
R0245,U004,P005,Пылесос CleanBot Mini,"Покупка средняя, ожидания [NAME] оправдались. Особенно заметно: удобно, но шум.",3,2026-03-24,0,негативный,1,7,0.22636305040269622,-0.24347208211137691
R0246,U006,P005,Пылесос CleanBot Mini,"Сервис магазина порадовал, товар новый, без дефектов и царапин. Особенно заметно: надежно, аккуратно.",5,2026-04-08,1,позитивный,0,14,-0.20875483211838206,0.11016753161050703
R0247,U006,P007,Электрочайник GlassHeat,"Пластик дешевый, сборка хлипкая, товар не стоит своих денег. Особенно заметно: брак, царапина.",2,2026-01-29,0,негативный,2,23,0.031006824033090203,0.02602214200736219
R0248,U026,P001,Смартфон Aurora X1,"Покупка удачная, устройство тихое, красивое и надежное. Особенно заметно: удобно, надежно.",5,2026-03-06,1,позитивный,2,10,0.535460132635456,-0.14004125511877658
R0249,U002,P004,Умные часы FitTime Pro,"Пластик дешевый, сборка хлипкая, товар не стоит своих денег. Особенно заметно: задержка, шум.",1,2026-02-10,0,негативный,2,23,0.030969346276980017,0.023248826521297682
R0250,U019,P001,Смартфон Aurora X1,"Очень удобная [NAME], пользуюсь каждый день, рекомендую к покупке. Особенно заметно: стильно, приятно. Свяжитесь со мной по номеру [PHONE].",4,2026-04-17,1,позитивный,2,-1,-0.015408944974404166,0.04140208743831699
R0251,U017,P001,Смартфон Aurora X1,"Можно пользоваться, но качество не идеальное. Особенно заметно: удобно, но возврат.",3,2026-01-28,0,негативный,1,22,0.09351945157415538,-0.0475501748731388
R0252,U020,P004,Умные часы FitTime Pro,"Покупка удачная, устройство тихое, красивое и надежное. Особенно заметно: стильно, быстро.",5,2026-01-16,1,позитивный,2,10,0.5348226999003821,-0.13805345341830016
R0253,U032,P002,Ноутбук VectorBook 14,"Работает лучше предыдущей модели, батарея [NAME] долго, впечатления [NAME]. Особенно заметно: приятно, качественно.",4,2026-03-18,1,позитивный,3,15,-0.2825404130749036,-0.31182808206802104
R0254,U019,P003,Беспроводные наушники SonicPods,"За свои деньги просто супер, функциональность отличная, нареканий нет. Особенно заметно: приятно, выгодно.",5,2026-02-24,1,позитивный,2,5,0.07814989107082959,0.04590188263762629
R0255,U012,P007,Электрочайник GlassHeat,"Плохой опыт, после недели использования [NAME] неисправность. Особенно заметно: поломка, брак.",2,2026-03-27,0,негативный,2,1,0.020959711380316205,-0.03530999537156992
R0256,U035,P009,Клавиатура KeyMaster RGB,"Плохой опыт, после недели использования [NAME] неисправность. Особенно заметно: брак, царапина.",2,2026-03-06,0,негативный,2,1,0.024063065956931008,-0.03725962861414521
R0257,U003,P008,Игровая мышь CyberClick,"За свои деньги просто супер, функциональность отличная, нареканий нет. Особенно заметно: выгодно, качественно.",4,2026-03-23,1,позитивный,2,5,0.06800350057891753,0.043129424206321654
R0258,U023,P001,Смартфон Aurora X1,"Хорошая [NAME], приятный дизайн, цена полностью оправдана. Особенно заметно: удобно, аккуратно.",5,2026-04-11,1,позитивный,2,2,-0.006465343851052719,-0.021041931123775035
R0259,U022,P010,Монитор VisionView 27,"Работает лучше предыдущей модели, батарея [NAME] долго, впечатления [NAME]. Особенно заметно: качественно, аккуратно.",5,2026-01-18,1,позитивный,3,15,-0.2912033611076063,-0.2929459328450335
R0260,U012,P011,Планшет TabLine 10,"Покупкой недовольна, заряд держит мало, подключение часто пропадает. Особенно заметно: неудобно, поломка.",2,2026-04-17,0,негативный,2,8,0.052155669441762226,0.01832951796340259
R0261,U009,P003,Беспроводные наушники SonicPods,"Сервис магазина порадовал, товар новый, без дефектов и царапин. Особенно заметно: быстро, надежно.",4,2026-01-09,1,позитивный,0,14,-0.19140944238594512,0.13969707315306978
R0262,U003,P004,Умные часы FitTime Pro,"Отличный товар, работает быстро и стабильно, покупкой довольна. Особенно заметно: качественно, надежно.",5,2026-04-12,1,позитивный,3,21,-0.03540627249368056,0.13916719361573676
R0263,U026,P009,Клавиатура KeyMaster RGB,"Покупка средняя, ожидания [NAME] оправдались. Особенно заметно: быстро, но царапина.",3,2026-04-15,0,негативный,1,7,0.21257032983798857,-0.19165676654964767
R0264,U023,P005,Пылесос CleanBot Mini,"Пластик дешевый, сборка хлипкая, товар не стоит своих денег. Особенно заметно: возврат, брак.",2,2026-04-21,0,негативный,2,23,0.030208558833427802,0.02635579723641288
R0265,U028,P006,Кофемашина AromaBarista,"Сервис магазина порадовал, товар новый, без дефектов и царапин. Особенно заметно: аккуратно, надежно.",4,2026-04-24,1,позитивный,0,14,-0.2061624263654697,0.1311142730259962
R0266,U032,P003,Беспроводные наушники SonicPods,"Работает лучше предыдущей модели, батарея [NAME] долго, впечатления [NAME]. Особенно заметно: выгодно, аккуратно.",4,2026-03-30,1,позитивный,3,15,-0.2990807858313164,-0.3070917012178295
R0267,U028,P002,Ноутбук VectorBook 14,"Очень удобная [NAME], пользуюсь каждый день, рекомендую к покупке. Особенно заметно: выгодно, надежно.",4,2026-01-11,1,позитивный,2,11,-0.04755996392363037,0.06232989228356444
R0268,U006,P002,Ноутбук VectorBook 14,"Покупка средняя, ожидания [NAME] оправдались. Особенно заметно: стильно, но медленно.",3,2026-02-11,0,негативный,1,7,0.19721680942643194,-0.23841197208777645
R0269,U045,P003,Беспроводные наушники SonicPods,"Отличный товар, работает быстро и стабильно, покупкой довольна. Особенно заметно: качественно, выгодно.",5,2026-02-26,1,позитивный,3,21,-0.03444342007230058,0.1385375557922046
R0270,U018,P007,Электрочайник GlassHeat,"Товар разочаровал, качество слабое, появились проблемы уже в первый день. Особенно заметно: шум, поломка.",1,2026-03-23,0,негативный,2,12,0.020789366695144553,0.022455194078051903
R0271,U026,P011,Планшет TabLine 10,"Очень удобная [NAME], пользуюсь каждый день, рекомендую к покупке. Особенно заметно: быстро, удобно.",4,2026-02-16,1,позитивный,2,11,-0.01934307470416689,0.07877388157003092
R0272,U044,P010,Монитор VisionView 27,"Очень удобная [NAME], пользуюсь каждый день, рекомендую к покупке. Особенно заметно: удобно, стильно.",4,2026-04-11,1,позитивный,2,11,-0.022751850823061668,0.04758660187170522
R0273,U024,P011,Планшет TabLine 10,"Очень довольна заказом, товар соответствует описанию и фото. Особенно заметно: быстро, выгодно.",4,2026-02-16,1,позитивный,3,16,-0.11705177978260334,0.7237375631737336
R0274,U044,P003,Беспроводные наушники SonicPods,"Пластик дешевый, сборка хлипкая, товар не стоит своих денег. Особенно заметно: неудобно, медленно.",1,2026-02-27,0,негативный,2,23,0.029973962176625558,0.025506025685129444
R0275,U037,P002,Ноутбук VectorBook 14,"Покупка удачная, устройство тихое, красивое и надежное. Особенно заметно: качественно, стильно.",4,2026-01-18,1,позитивный,2,10,0.5396955436866824,-0.14463470800901196
R0276,U016,P005,Пылесос CleanBot Mini,"Очень удобная [NAME], пользуюсь каждый день, рекомендую к покупке. Особенно заметно: стильно, выгодно.",5,2026-01-15,1,позитивный,2,11,-0.05441131709116992,0.04925709008310173
R0277,U036,P007,Электрочайник GlassHeat,"Товар понравился, всё подключилось без проблем, инструкция [NAME]. Особенно заметно: стильно, удобно.",4,2026-01-16,1,позитивный,3,4,-0.5603899522195682,-0.3028164196443421
R0278,U019,P010,Монитор VisionView 27,"Покупкой недовольна, заряд держит мало, подключение часто пропадает. Особенно заметно: царапина, брак.",2,2026-03-30,0,негативный,2,8,0.05603226017653073,0.016653904159969878
R0279,U005,P003,Беспроводные наушники SonicPods,"Сервис магазина порадовал, товар новый, без дефектов и царапин. Особенно заметно: удобно, аккуратно.",5,2026-02-27,1,позитивный,0,14,-0.1935350367605424,0.10640196840197116
R0280,U021,P011,Планшет TabLine 10,"Качество выше ожиданий, упаковка аккуратная, доставка пришла вовремя. Особенно заметно: выгодно, надежно.",4,2026-03-27,1,позитивный,2,19,0.038444640245226494,0.049097158310242806
R0281,U045,P003,Беспроводные наушники SonicPods,"За свои деньги просто супер, функциональность отличная, нареканий нет. Особенно заметно: приятно, быстро.",5,2026-03-23,1,позитивный,2,5,0.0881048058191011,0.05298842963867794
R0282,U009,P004,Умные часы FitTime Pro,"Товар разочаровал, качество слабое, появились проблемы уже в первый день. Особенно заметно: поломка, возврат.",2,2026-01-31,0,негативный,2,12,0.019196623129140722,0.02474857307864194
R0283,U024,P010,Монитор VisionView 27,"Нормально за свою цену, есть плюсы и минусы. Особенно заметно: удобно, но шум.",3,2026-03-01,0,негативный,1,3,0.10386170372540163,-0.05039914066514419
R0284,U026,P005,Пылесос CleanBot Mini,"Плохой опыт, после недели использования [NAME] неисправность. Особенно заметно: медленно, неудобно.",2,2026-04-02,0,негативный,2,1,0.022683002204261494,-0.0395438071664522
R0285,U037,P007,Электрочайник GlassHeat,"За свои деньги просто супер, функциональность отличная, нареканий нет. Особенно заметно: удобно, приятно.",5,2026-01-10,1,позитивный,2,5,0.09315445070452193,0.03941504282205821
R0286,U044,P008,Игровая мышь CyberClick,"Работает лучше предыдущей модели, батарея [NAME] долго, впечатления [NAME]. Особенно заметно: надежно, аккуратно.",4,2026-03-08,1,позитивный,3,15,-0.2996379907995863,-0.29851921349122085
R0287,U028,P003,Беспроводные наушники SonicPods,"Товар разочаровал, качество слабое, появились проблемы уже в первый день. Особенно заметно: шум, возврат.",2,2026-03-06,0,негативный,2,12,0.02244011742155392,0.021128092751598267
R0288,U020,P003,Беспроводные наушники SonicPods,"Хорошая [NAME], приятный дизайн, цена полностью оправдана. Особенно заметно: качественно, выгодно.",5,2026-01-22,1,позитивный,2,2,-0.01083552475015252,-0.02047097053563057
R0289,U006,P005,Пылесос CleanBot Mini,"Работает лучше предыдущей модели, батарея [NAME] долго, впечатления [NAME]. Особенно заметно: выгодно, удобно.",4,2026-02-02,1,позитивный,3,15,-0.29310721061103084,-0.31760986985014905
R0290,U020,P011,Планшет TabLine 10,"Работает лучше предыдущей модели, батарея [NAME] долго, впечатления [NAME]. Особенно заметно: надежно, выгодно.",4,2026-03-20,1,позитивный,3,15,-0.2950680055376463,-0.31254518779004276
R0291,U010,P010,Монитор VisionView 27,"Очень довольна заказом, товар соответствует описанию и фото. Особенно заметно: качественно, аккуратно.",4,2026-01-22,1,позитивный,3,16,-0.12984438817886407,0.707025751348807
R0292,U003,P010,Монитор VisionView 27,"Доставка задержалась, коробка была мятая, впечатление испорчено. Особенно заметно: брак, поломка.",2,2026-04-16,0,негативный,2,18,0.05412592113901976,0.012607243619835753
R0293,U017,P010,Монитор VisionView 27,"Очень довольна заказом, товар соответствует описанию и фото. Особенно заметно: аккуратно, выгодно.",5,2026-03-25,1,позитивный,3,16,-0.14852556816212434,0.7251726241097041
R0294,U002,P011,Планшет TabLine 10,"Плохой опыт, после недели использования [NAME] неисправность. Особенно заметно: возврат, поломка.",2,2026-03-05,0,негативный,2,1,0.02209435733972878,-0.038365250252067766
R0295,U031,P005,Пылесос CleanBot Mini,"Описание на сайте красивое, но в реальности товар заметно хуже. Особенно заметно: возврат, царапина.",2,2026-02-01,0,негативный,2,20,0.07983768350524549,-0.00530878992387768
R0296,U045,P002,Ноутбук VectorBook 14,"Покупка удачная, устройство тихое, красивое и надежное. Особенно заметно: стильно, приятно.",5,2026-01-08,1,позитивный,2,10,0.5334669185823396,-0.14715654368249526
R0297,U022,P004,Умные часы FitTime Pro,"За свои деньги просто супер, функциональность отличная, нареканий нет. Особенно заметно: качественно, приятно.",5,2026-03-19,1,позитивный,2,5,0.08852610918610682,0.05470623553929761
R0298,U024,P003,Беспроводные наушники SonicPods,"За свои деньги просто супер, функциональность отличная, нареканий нет. Особенно заметно: приятно, стильно.",4,2026-03-07,1,позитивный,2,5,0.08128851152849569,0.03480177625295741
R0299,U018,P002,Ноутбук VectorBook 14,"Качество выше ожиданий, упаковка аккуратная, доставка пришла вовремя. Особенно заметно: быстро, надежно.",5,2026-02-27,1,позитивный,2,19,0.05561418341363945,0.08417506474576432
R0300,U040,P007,Электрочайник GlassHeat,"Очень удобная [NAME], пользуюсь каждый день, рекомендую к покупке. Особенно заметно: качественно, выгодно.",4,2026-02-23,1,позитивный,2,11,-0.03728394833108947,0.06787458161949231
R0301,U021,P012,Роутер HomeNet AX,"Покупкой недовольна, заряд держит мало, подключение часто пропадает. Особенно заметно: неудобно, царапина.",2,2026-01-25,0,негативный,2,8,0.05464692237342517,0.016692303482378098
R0302,U032,P005,Пылесос CleanBot Mini,"Покупка удачная, устройство тихое, красивое и надежное. Особенно заметно: стильно, удобно.",5,2026-01-03,1,позитивный,2,10,0.5202711997505167,-0.16465085806535765
R0303,U038,P004,Умные часы FitTime Pro,"Товар понравился, всё подключилось без проблем, инструкция [NAME]. Особенно заметно: стильно, выгодно.",5,2026-02-15,1,позитивный,3,4,-0.5657004168066124,-0.2942563605667849
R0304,U044,P011,Планшет TabLine 10,"Отличный товар, работает быстро и стабильно, покупкой довольна. Особенно заметно: удобно, приятно.",4,2026-03-02,1,позитивный,3,21,-0.011952436070791524,0.13020078831282675
R0305,U017,P003,Беспроводные наушники SonicPods,"Покупка удачная, устройство тихое, красивое и надежное. Особенно заметно: качественно, быстро.",5,2026-04-04,1,позитивный,2,10,0.5481956459383591,-0.12296648084894982
R0306,U004,P007,Электрочайник GlassHeat,"Покупка средняя, ожидания [NAME] оправдались. Особенно заметно: выгодно, но шум.",3,2026-03-14,0,негативный,1,7,0.20194970332724174,-0.23140596875084157
R0307,U033,P007,Электрочайник GlassHeat,"Пришёл брак, пришлось писать в поддержку и оформлять возврат. Особенно заметно: шум, неудобно.",2,2026-02-27,0,негативный,2,13,0.04898684473977879,-0.00011429496030844408
R0308,U026,P002,Ноутбук VectorBook 14,"Пластик дешевый, сборка хлипкая, товар не стоит своих денег. Особенно заметно: поломка, медленно.",2,2026-02-17,0,негативный,2,23,0.029628924280717804,0.025662902090652397
R0309,U013,P003,Беспроводные наушники SonicPods,"Работает лучше предыдущей модели, батарея [NAME] долго, впечатления [NAME]. Особенно заметно: быстро, стильно.",4,2026-03-19,1,позитивный,3,15,-0.27702125408791867,-0.29096560796209237
R0310,U009,P001,Смартфон Aurora X1,"Сервис магазина порадовал, товар новый, без дефектов и царапин. Особенно заметно: стильно, удобно.",5,2026-04-02,1,позитивный,0,14,-0.21267070286177006,0.08104837595681616
R0311,U033,P010,Монитор VisionView 27,"Очень довольна заказом, товар соответствует описанию и фото. Особенно заметно: качественно, удобно.",5,2026-01-18,1,позитивный,3,16,-0.13209759969733037,0.7066020312848752
R0312,U040,P007,Электрочайник GlassHeat,"Не подошло, работает нестабильно, интерфейс неудобный и медленный. Особенно заметно: поломка, возврат.",1,2026-04-05,0,негативный,2,17,0.03153453855066178,-0.003333774709635363
R0313,U035,P009,Клавиатура KeyMaster RGB,"Покупка средняя, ожидания [NAME] оправдались. Особенно заметно: стильно, но брак.",3,2026-03-04,0,негативный,1,7,0.1870279041738426,-0.2259853913402606
R0314,U022,P006,Кофемашина AromaBarista,"Покупка удачная, устройство тихое, красивое и надежное. Особенно заметно: выгодно, аккуратно.",5,2026-03-28,1,позитивный,2,10,0.5218551447692867,-0.1319231838920656
R0315,U045,P012,Роутер HomeNet AX,"Сервис магазина порадовал, товар новый, без дефектов и царапин. Особенно заметно: выгодно, качественно.",5,2026-03-22,1,позитивный,0,14,-0.2051247215863119,0.10391595983850577
R0316,U037,P010,Монитор VisionView 27,"Можно пользоваться, но качество не идеальное. Особенно заметно: надежно, но медленно.",3,2026-01-30,0,негативный,1,22,0.07471622719889331,-0.040994100288189235
R0317,U044,P003,Беспроводные наушники SonicPods,"Качество выше ожиданий, упаковка аккуратная, доставка пришла вовремя. Особенно заметно: приятно, быстро.",5,2026-02-01,1,позитивный,2,19,0.06538821880800216,0.06037245606761041
R0318,U021,P008,Игровая мышь CyberClick,"Хорошая [NAME], приятный дизайн, цена полностью оправдана. Особенно заметно: аккуратно, выгодно.",5,2026-02-23,1,позитивный,2,2,-0.02820624095432945,-0.0037265105415174764
R0319,U031,P010,Монитор VisionView 27,"Обычный товар, в целом работает, но без сильных преимуществ. Особенно заметно: надежно, но царапина.",3,2026-04-22,0,негативный,1,6,1.9218227135586026e-05,-0.059428621509350334
R0320,U021,P009,Клавиатура KeyMaster RGB,"Покупка удачная, устройство тихое, красивое и надежное. Особенно заметно: качественно, удобно.",4,2026-03-26,1,позитивный,2,10,0.537255439268182,-0.14230091452670324
